transaction_id,customer_id,amount,currency,payment_method,payment_status,failure_reason,gateway_status,previous_failures,previous_successes,customer_tenure_days,retry_count,timestamp,recoverable,expected_action,actual_recovery,recovered_amount
TXN-POLICY-001,CUST-POLICY-001,12000,INR,upi,failed,temporary_gateway_failure,operational,0,5,300,0,2026-01-01T00:00:00,True,RETRY_PAYMENT,True,12000
TXN-POLICY-002,CUST-POLICY-002,12000,INR,credit_card,failed,temporary_gateway_failure,operational,1,8,500,3,2026-01-01T00:01:00,False,STOP,False,0
TXN-POLICY-003,CUST-POLICY-003,80000,INR,net_banking,failed,temporary_gateway_failure,operational,0,10,700,0,2026-01-01T00:02:00,False,ESCALATE_TO_HUMAN,False,0
TXN-POLICY-004,CUST-POLICY-004,8000,INR,credit_card,failed,card_declined,operational,2,4,200,2,2026-01-01T00:03:00,False,ESCALATE_TO_HUMAN,False,0
TXN-POLICY-005,CUST-POLICY-005,80000,INR,upi,failed,temporary_gateway_failure,operational,3,6,900,3,2026-01-01T00:04:00,False,STOP,False,0
TXN-00001,CUST-0217,500,INR,debit_card,failed,card_declined,operational,5,17,179,2,2026-01-27T20:58:00,False,ESCALATE_TO_HUMAN,False,0
TXN-00002,CUST-0360,500,INR,debit_card,failed,temporary_gateway_failure,operational,4,6,1467,1,2026-01-30T13:50:00,True,RETRY_PAYMENT,True,500
TXN-00003,CUST-0080,2500,INR,upi,failed,expired_card,operational,1,13,697,0,2026-01-13T15:30:00,False,ESCALATE_TO_HUMAN,False,0
TXN-00004,CUST-0374,2500,INR,credit_card,failed,card_declined,operational,2,19,542,0,2026-01-02T23:27:00,False,ESCALATE_TO_HUMAN,False,0
TXN-00005,CUST-0296,7500,INR,net_banking,failed,temporary_gateway_failure,operational,5,19,1814,0,2026-01-17T11:00:00,True,RETRY_PAYMENT,True,7500
TXN-00006,CUST-0233,500,INR,debit_card,failed,invalid_payment_method,operational,1,3,779,5,2026-01-13T15:37:00,False,STOP,False,0
TXN-00007,CUST-0326,7500,INR,debit_card,failed,card_declined,operational,2,20,147,0,2026-01-28T17:20:00,False,ESCALATE_TO_HUMAN,False,0
TXN-00008,CUST-0432,500,INR,debit_card,failed,invalid_payment_method,operational,5,17,450,0,2026-01-15T18:12:00,False,ESCALATE_TO_HUMAN,False,0
TXN-00009,CUST-0468,15000,INR,debit_card,failed,temporary_gateway_failure,operational,3,8,136,2,2026-01-10T14:26:00,True,RETRY_PAYMENT,False,0
TXN-00010,CUST-0072,30000,INR,debit_card,failed,card_declined,operational,5,14,293,0,2026-01-13T01:19:00,False,ESCALATE_TO_HUMAN,False,0
TXN-00011,CUST-0071,2500,INR,upi,failed,expired_card,operational,4,12,742,0,2026-01-10T23:33:00,False,ESCALATE_TO_HUMAN,False,0
TXN-00012,CUST-0198,7500,INR,credit_card,failed,temporary_gateway_failure,operational,1,13,1222,0,2026-01-03T21:23:00,True,RETRY_PAYMENT,True,7500
TXN-00013,CUST-0385,150000,INR,upi,failed,expired_card,degraded,0,3,1397,3,2026-01-25T10:30:00,False,STOP,False,0
TXN-00014,CUST-0498,2500,INR,upi,failed,invalid_payment_method,operational,3,0,1954,0,2026-01-12T23:41:00,False,ESCALATE_TO_HUMAN,False,0
TXN-00015,CUST-0079,7500,INR,credit_card,failed,gateway_timeout,operational,5,16,1248,0,2026-01-10T01:15:00,True,RETRY_PAYMENT,True,7500
TXN-00016,CUST-0123,500,INR,credit_card,failed,expired_card,operational,0,11,1800,1,2026-01-14T23:53:00,False,ESCALATE_TO_HUMAN,False,0
TXN-00017,CUST-0066,500,INR,credit_card,failed,expired_card,operational,0,17,1569,1,2026-01-06T17:21:00,False,ESCALATE_TO_HUMAN,False,0
TXN-00018,CUST-0387,15000,INR,debit_card,failed,expired_card,operational,3,6,1903,3,2026-01-25T13:03:00,False,STOP,False,0
TXN-00019,CUST-0232,15000,INR,upi,failed,gateway_timeout,operational,2,14,1843,1,2026-01-24T13:19:00,True,RETRY_PAYMENT,True,15000
TXN-00020,CUST-0031,2500,INR,credit_card,failed,card_declined,operational,1,0,146,0,2026-01-29T17:19:00,False,ESCALATE_TO_HUMAN,False,0
TXN-00021,CUST-0068,2500,INR,upi,failed,temporary_gateway_failure,operational,5,15,439,0,2026-01-25T12:59:00,True,RETRY_PAYMENT,True,2500
TXN-00022,CUST-0338,30000,INR,net_banking,failed,expired_card,operational,3,6,194,1,2026-01-05T09:52:00,False,ESCALATE_TO_HUMAN,False,0
TXN-00023,CUST-0032,2500,INR,net_banking,failed,insufficient_funds,operational,5,20,1324,2,2026-01-05T11:29:00,False,ESCALATE_TO_HUMAN,False,0
TXN-00024,CUST-0143,2500,INR,credit_card,failed,card_declined,operational,3,4,865,0,2026-01-09T08:25:00,False,ESCALATE_TO_HUMAN,False,0
TXN-00025,CUST-0429,7500,INR,net_banking,failed,temporary_gateway_failure,operational,0,1,1336,3,2026-01-25T14:27:00,False,STOP,False,0
TXN-00026,CUST-0085,500,INR,debit_card,failed,temporary_gateway_failure,operational,1,12,1849,1,2026-01-03T16:02:00,True,RETRY_PAYMENT,True,500
TXN-00027,CUST-0080,150000,INR,net_banking,failed,card_declined,operational,5,17,1356,1,2026-01-23T03:34:00,False,ESCALATE_TO_HUMAN,False,0
TXN-00028,CUST-0300,500,INR,credit_card,failed,gateway_timeout,operational,5,10,118,1,2026-01-03T06:46:00,True,RETRY_PAYMENT,True,500
TXN-00029,CUST-0346,75000,INR,debit_card,failed,expired_card,operational,1,2,1219,1,2026-01-04T02:13:00,False,ESCALATE_TO_HUMAN,False,0
TXN-00030,CUST-0042,30000,INR,credit_card,failed,insufficient_funds,degraded,4,19,82,1,2026-01-29T04:31:00,False,ESCALATE_TO_HUMAN,False,0
TXN-00031,CUST-0203,2500,INR,upi,failed,expired_card,degraded,5,10,489,0,2026-01-13T02:07:00,False,ESCALATE_TO_HUMAN,False,0
TXN-00032,CUST-0289,500,INR,upi,failed,invalid_payment_method,operational,0,0,939,3,2026-01-29T06:28:00,False,STOP,False,0
TXN-00033,CUST-0190,150000,INR,debit_card,failed,temporary_gateway_failure,operational,2,2,1801,0,2026-01-12T02:49:00,False,ESCALATE_TO_HUMAN,False,0
TXN-00034,CUST-0154,2500,INR,upi,failed,insufficient_funds,operational,5,16,17,5,2026-01-26T05:46:00,False,STOP,False,0
TXN-00035,CUST-0145,75000,INR,debit_card,failed,temporary_gateway_failure,operational,5,17,319,3,2026-01-13T09:28:00,False,STOP,False,0
TXN-00036,CUST-0464,7500,INR,upi,failed,invalid_payment_method,operational,2,16,1001,1,2026-01-12T10:17:00,False,ESCALATE_TO_HUMAN,False,0
TXN-00037,CUST-0327,75000,INR,credit_card,failed,temporary_gateway_failure,operational,0,0,684,2,2026-01-06T22:53:00,False,ESCALATE_TO_HUMAN,False,0
TXN-00038,CUST-0280,150000,INR,net_banking,failed,gateway_timeout,operational,0,3,155,0,2026-01-07T18:48:00,False,ESCALATE_TO_HUMAN,False,0
TXN-00039,CUST-0108,500,INR,debit_card,failed,card_declined,operational,2,1,1841,0,2026-01-17T06:49:00,False,ESCALATE_TO_HUMAN,False,0
TXN-00040,CUST-0474,15000,INR,credit_card,failed,invalid_payment_method,operational,3,19,1535,1,2026-01-08T00:48:00,False,ESCALATE_TO_HUMAN,False,0
TXN-00041,CUST-0411,75000,INR,debit_card,failed,gateway_timeout,operational,5,10,1603,0,2026-01-19T17:42:00,False,ESCALATE_TO_HUMAN,False,0
TXN-00042,CUST-0440,15000,INR,debit_card,failed,invalid_payment_method,operational,0,12,1787,2,2026-01-02T18:17:00,False,ESCALATE_TO_HUMAN,False,0
TXN-00043,CUST-0205,7500,INR,net_banking,failed,gateway_timeout,operational,1,7,49,2,2026-01-09T18:56:00,True,RETRY_PAYMENT,True,7500
TXN-00044,CUST-0060,30000,INR,upi,failed,card_declined,operational,4,10,1924,0,2026-01-02T06:08:00,False,ESCALATE_TO_HUMAN,False,0
TXN-00045,CUST-0177,30000,INR,debit_card,failed,card_declined,operational,0,3,1222,5,2026-01-20T18:39:00,False,STOP,False,0
TXN-00046,CUST-0023,15000,INR,net_banking,failed,card_declined,operational,3,18,390,1,2026-01-12T14:13:00,False,ESCALATE_TO_HUMAN,False,0
TXN-00047,CUST-0340,15000,INR,debit_card,failed,temporary_gateway_failure,operational,5,10,1277,0,2026-01-15T06:52:00,True,RETRY_PAYMENT,False,0
TXN-00048,CUST-0099,15000,INR,upi,failed,card_declined,operational,5,9,1136,0,2026-01-06T19:01:00,False,ESCALATE_TO_HUMAN,False,0
TXN-00049,CUST-0108,2500,INR,debit_card,failed,insufficient_funds,operational,4,0,623,0,2026-01-14T01:23:00,False,ESCALATE_TO_HUMAN,False,0
TXN-00050,CUST-0338,2500,INR,upi,failed,expired_card,operational,1,16,970,0,2026-01-08T17:20:00,False,ESCALATE_TO_HUMAN,False,0
TXN-00051,CUST-0076,500,INR,upi,failed,expired_card,operational,1,9,461,4,2026-01-10T01:30:00,False,STOP,False,0
TXN-00052,CUST-0295,500,INR,net_banking,failed,gateway_timeout,operational,3,13,1815,2,2026-01-29T15:52:00,True,RETRY_PAYMENT,True,500
TXN-00053,CUST-0113,15000,INR,net_banking,failed,insufficient_funds,operational,0,3,1595,1,2026-01-20T08:22:00,False,ESCALATE_TO_HUMAN,False,0
TXN-00054,CUST-0342,500,INR,net_banking,failed,invalid_payment_method,operational,0,14,274,0,2026-01-22T03:30:00,False,ESCALATE_TO_HUMAN,False,0
TXN-00055,CUST-0229,7500,INR,upi,failed,expired_card,degraded,4,16,874,3,2026-01-25T22:25:00,False,STOP,False,0
TXN-00056,CUST-0249,30000,INR,net_banking,failed,invalid_payment_method,operational,5,8,1569,2,2026-01-24T17:23:00,False,ESCALATE_TO_HUMAN,False,0
TXN-00057,CUST-0042,7500,INR,net_banking,failed,card_declined,operational,2,10,655,0,2026-01-25T13:59:00,False,ESCALATE_TO_HUMAN,False,0
TXN-00058,CUST-0278,500,INR,net_banking,failed,gateway_timeout,operational,0,13,835,2,2026-01-16T01:24:00,True,RETRY_PAYMENT,True,500
TXN-00059,CUST-0195,500,INR,net_banking,failed,insufficient_funds,degraded,5,0,1755,1,2026-01-27T04:48:00,False,ESCALATE_TO_HUMAN,False,0
TXN-00060,CUST-0410,7500,INR,upi,failed,card_declined,operational,3,17,1531,3,2026-01-25T20:31:00,False,STOP,False,0
TXN-00061,CUST-0371,7500,INR,net_banking,failed,gateway_timeout,operational,0,12,689,0,2026-01-19T09:37:00,True,RETRY_PAYMENT,True,7500
TXN-00062,CUST-0220,7500,INR,credit_card,failed,gateway_timeout,degraded,5,0,172,1,2026-01-30T06:03:00,False,ESCALATE_TO_HUMAN,False,0
TXN-00063,CUST-0390,500,INR,debit_card,failed,insufficient_funds,operational,1,14,670,0,2026-01-16T08:38:00,False,ESCALATE_TO_HUMAN,False,0
TXN-00064,CUST-0115,30000,INR,net_banking,failed,card_declined,operational,0,17,107,0,2026-01-16T22:15:00,False,ESCALATE_TO_HUMAN,False,0
TXN-00065,CUST-0123,15000,INR,credit_card,failed,invalid_payment_method,operational,1,0,1273,4,2026-01-07T22:26:00,False,STOP,False,0
TXN-00066,CUST-0086,500,INR,credit_card,failed,invalid_payment_method,operational,5,8,1571,0,2026-01-17T18:55:00,False,ESCALATE_TO_HUMAN,False,0
TXN-00067,CUST-0476,7500,INR,credit_card,failed,invalid_payment_method,operational,2,3,1186,0,2026-01-02T04:02:00,False,ESCALATE_TO_HUMAN,False,0
TXN-00068,CUST-0125,2500,INR,net_banking,failed,invalid_payment_method,operational,0,18,1415,2,2026-01-29T13:06:00,False,ESCALATE_TO_HUMAN,False,0
TXN-00069,CUST-0339,500,INR,credit_card,failed,card_declined,operational,0,11,1092,1,2026-01-20T11:54:00,False,ESCALATE_TO_HUMAN,False,0
TXN-00070,CUST-0326,2500,INR,upi,failed,expired_card,operational,3,3,888,0,2026-01-17T11:36:00,False,ESCALATE_TO_HUMAN,False,0
TXN-00071,CUST-0397,30000,INR,debit_card,failed,insufficient_funds,operational,5,8,1262,2,2026-01-25T11:49:00,False,ESCALATE_TO_HUMAN,False,0
TXN-00072,CUST-0125,7500,INR,upi,failed,insufficient_funds,operational,0,8,1806,0,2026-01-21T12:23:00,False,ESCALATE_TO_HUMAN,False,0
TXN-00073,CUST-0182,15000,INR,net_banking,failed,expired_card,operational,2,5,999,1,2026-01-10T15:41:00,False,ESCALATE_TO_HUMAN,False,0
TXN-00074,CUST-0486,15000,INR,upi,failed,card_declined,operational,2,17,21,2,2026-01-24T12:17:00,False,ESCALATE_TO_HUMAN,False,0
TXN-00075,CUST-0230,500,INR,net_banking,failed,gateway_timeout,operational,5,15,1323,2,2026-01-23T08:06:00,True,RETRY_PAYMENT,False,0
TXN-00076,CUST-0272,500,INR,net_banking,failed,gateway_timeout,operational,4,11,970,0,2026-01-26T04:32:00,True,RETRY_PAYMENT,True,500
TXN-00077,CUST-0370,150000,INR,upi,failed,expired_card,operational,2,8,473,1,2026-01-06T11:47:00,False,ESCALATE_TO_HUMAN,False,0
TXN-00078,CUST-0306,500,INR,debit_card,failed,temporary_gateway_failure,operational,2,18,1557,2,2026-01-24T21:02:00,True,RETRY_PAYMENT,True,500
TXN-00079,CUST-0024,500,INR,upi,failed,gateway_timeout,operational,0,17,260,0,2026-01-13T11:37:00,True,RETRY_PAYMENT,False,0
TXN-00080,CUST-0241,7500,INR,debit_card,failed,invalid_payment_method,operational,0,0,1176,2,2026-01-13T22:34:00,False,ESCALATE_TO_HUMAN,False,0
TXN-00081,CUST-0206,7500,INR,debit_card,failed,card_declined,degraded,3,3,1684,0,2026-01-03T23:22:00,False,ESCALATE_TO_HUMAN,False,0
TXN-00082,CUST-0286,7500,INR,credit_card,failed,expired_card,operational,2,2,509,2,2026-01-06T09:22:00,False,ESCALATE_TO_HUMAN,False,0
TXN-00083,CUST-0220,15000,INR,debit_card,failed,expired_card,operational,3,9,1762,0,2026-01-27T18:49:00,False,ESCALATE_TO_HUMAN,False,0
TXN-00084,CUST-0339,2500,INR,credit_card,failed,expired_card,operational,1,20,433,2,2026-01-13T01:03:00,False,ESCALATE_TO_HUMAN,False,0
TXN-00085,CUST-0241,500,INR,debit_card,failed,gateway_timeout,operational,3,14,1412,0,2026-01-28T00:36:00,True,RETRY_PAYMENT,True,500
TXN-00086,CUST-0404,2500,INR,upi,failed,invalid_payment_method,operational,5,7,1893,1,2026-01-13T00:57:00,False,ESCALATE_TO_HUMAN,False,0
TXN-00087,CUST-0424,15000,INR,debit_card,failed,expired_card,operational,5,4,1861,1,2026-01-13T02:08:00,False,ESCALATE_TO_HUMAN,False,0
TXN-00088,CUST-0240,500,INR,debit_card,failed,temporary_gateway_failure,operational,4,9,900,1,2026-01-06T15:49:00,True,RETRY_PAYMENT,True,500
TXN-00089,CUST-0014,15000,INR,net_banking,failed,card_declined,operational,3,10,1237,1,2026-01-12T09:28:00,False,ESCALATE_TO_HUMAN,False,0
TXN-00090,CUST-0241,500,INR,credit_card,failed,invalid_payment_method,down,2,18,83,1,2026-01-08T23:21:00,False,ESCALATE_TO_HUMAN,False,0
TXN-00091,CUST-0241,7500,INR,upi,failed,insufficient_funds,operational,5,15,1985,1,2026-01-05T03:39:00,False,ESCALATE_TO_HUMAN,False,0
TXN-00092,CUST-0148,2500,INR,upi,failed,card_declined,operational,2,13,1421,3,2026-01-23T13:11:00,False,STOP,False,0
TXN-00093,CUST-0443,15000,INR,credit_card,failed,insufficient_funds,operational,2,3,1987,0,2026-01-19T09:28:00,False,ESCALATE_TO_HUMAN,False,0
TXN-00094,CUST-0321,7500,INR,net_banking,failed,temporary_gateway_failure,operational,2,19,1550,0,2026-01-23T16:29:00,True,RETRY_PAYMENT,True,7500
TXN-00095,CUST-0499,500,INR,debit_card,failed,card_declined,degraded,5,15,249,0,2026-01-02T07:31:00,False,ESCALATE_TO_HUMAN,False,0
TXN-00096,CUST-0237,7500,INR,debit_card,failed,gateway_timeout,operational,3,2,461,0,2026-01-06T03:55:00,True,RETRY_PAYMENT,False,0
TXN-00097,CUST-0242,7500,INR,net_banking,failed,gateway_timeout,degraded,5,8,851,0,2026-01-22T23:01:00,False,ESCALATE_TO_HUMAN,False,0
TXN-00098,CUST-0142,2500,INR,debit_card,failed,expired_card,operational,4,4,1770,3,2026-01-04T04:15:00,False,STOP,False,0
TXN-00099,CUST-0429,15000,INR,upi,failed,insufficient_funds,degraded,0,9,1487,1,2026-01-14T14:06:00,False,ESCALATE_TO_HUMAN,False,0
TXN-00100,CUST-0391,7500,INR,net_banking,failed,invalid_payment_method,operational,3,11,681,0,2026-01-26T02:50:00,False,ESCALATE_TO_HUMAN,False,0
TXN-00101,CUST-0439,7500,INR,upi,failed,insufficient_funds,operational,1,18,785,5,2026-01-11T15:06:00,False,STOP,False,0
TXN-00102,CUST-0078,15000,INR,upi,failed,temporary_gateway_failure,operational,3,12,1360,2,2026-01-30T16:10:00,True,RETRY_PAYMENT,True,15000
TXN-00103,CUST-0008,500,INR,upi,failed,expired_card,operational,3,3,1078,3,2026-01-21T19:05:00,False,STOP,False,0
TXN-00104,CUST-0333,15000,INR,debit_card,failed,insufficient_funds,operational,2,10,1277,2,2026-01-19T02:09:00,False,ESCALATE_TO_HUMAN,False,0
TXN-00105,CUST-0036,500,INR,net_banking,failed,card_declined,degraded,3,17,74,1,2026-01-29T02:25:00,False,ESCALATE_TO_HUMAN,False,0
TXN-00106,CUST-0361,2500,INR,upi,failed,invalid_payment_method,down,3,3,1558,2,2026-01-29T20:13:00,False,ESCALATE_TO_HUMAN,False,0
TXN-00107,CUST-0151,30000,INR,debit_card,failed,insufficient_funds,operational,0,10,1631,3,2026-01-03T13:17:00,False,STOP,False,0
TXN-00108,CUST-0041,2500,INR,debit_card,failed,insufficient_funds,operational,5,5,349,0,2026-01-08T23:13:00,False,ESCALATE_TO_HUMAN,False,0
TXN-00109,CUST-0236,7500,INR,debit_card,failed,insufficient_funds,operational,1,14,1307,1,2026-01-12T13:24:00,False,ESCALATE_TO_HUMAN,False,0
TXN-00110,CUST-0301,2500,INR,net_banking,failed,temporary_gateway_failure,degraded,1,2,905,1,2026-01-16T17:26:00,False,ESCALATE_TO_HUMAN,False,0
TXN-00111,CUST-0196,2500,INR,upi,failed,insufficient_funds,operational,3,15,219,0,2026-01-11T19:05:00,False,ESCALATE_TO_HUMAN,False,0
TXN-00112,CUST-0290,7500,INR,upi,failed,expired_card,down,5,12,563,0,2026-01-01T08:50:00,False,ESCALATE_TO_HUMAN,False,0
TXN-00113,CUST-0113,30000,INR,credit_card,failed,invalid_payment_method,degraded,2,7,1244,2,2026-01-17T00:49:00,False,ESCALATE_TO_HUMAN,False,0
TXN-00114,CUST-0463,7500,INR,upi,failed,expired_card,operational,5,4,1287,2,2026-01-05T10:07:00,False,ESCALATE_TO_HUMAN,False,0
TXN-00115,CUST-0168,7500,INR,upi,failed,temporary_gateway_failure,operational,2,4,185,0,2026-01-14T10:20:00,True,RETRY_PAYMENT,True,7500
TXN-00116,CUST-0496,500,INR,upi,failed,gateway_timeout,operational,1,8,1872,3,2026-01-22T22:18:00,False,STOP,False,0
TXN-00117,CUST-0441,30000,INR,upi,failed,invalid_payment_method,operational,0,4,1545,1,2026-01-11T06:25:00,False,ESCALATE_TO_HUMAN,False,0
TXN-00118,CUST-0008,15000,INR,net_banking,failed,invalid_payment_method,degraded,2,2,1620,2,2026-01-18T22:58:00,False,ESCALATE_TO_HUMAN,False,0
TXN-00119,CUST-0482,2500,INR,net_banking,failed,temporary_gateway_failure,operational,2,18,781,2,2026-01-30T01:27:00,True,RETRY_PAYMENT,True,2500
TXN-00120,CUST-0033,15000,INR,credit_card,failed,insufficient_funds,operational,2,19,454,4,2026-01-30T11:24:00,False,STOP,False,0
TXN-00121,CUST-0060,7500,INR,upi,failed,insufficient_funds,operational,0,1,624,0,2026-01-23T10:04:00,False,ESCALATE_TO_HUMAN,False,0
TXN-00122,CUST-0381,500,INR,debit_card,failed,expired_card,operational,5,17,859,0,2026-01-27T17:31:00,False,ESCALATE_TO_HUMAN,False,0
TXN-00123,CUST-0112,15000,INR,credit_card,failed,insufficient_funds,operational,2,1,1414,1,2026-01-17T20:43:00,False,ESCALATE_TO_HUMAN,False,0
TXN-00124,CUST-0204,2500,INR,upi,failed,gateway_timeout,operational,4,20,735,1,2026-01-03T18:08:00,True,RETRY_PAYMENT,True,2500
TXN-00125,CUST-0125,75000,INR,credit_card,failed,insufficient_funds,operational,4,0,104,1,2026-01-16T04:16:00,False,ESCALATE_TO_HUMAN,False,0
TXN-00126,CUST-0169,150000,INR,debit_card,failed,expired_card,operational,1,18,443,2,2026-01-11T14:29:00,False,ESCALATE_TO_HUMAN,False,0
TXN-00127,CUST-0057,15000,INR,credit_card,failed,expired_card,operational,1,17,514,5,2026-01-08T22:35:00,False,STOP,False,0
TXN-00128,CUST-0090,15000,INR,debit_card,failed,temporary_gateway_failure,operational,1,18,664,2,2026-01-01T17:14:00,True,RETRY_PAYMENT,True,15000
TXN-00129,CUST-0232,500,INR,credit_card,failed,insufficient_funds,operational,2,16,1216,1,2026-01-05T23:06:00,False,ESCALATE_TO_HUMAN,False,0
TXN-00130,CUST-0330,7500,INR,credit_card,failed,expired_card,operational,5,16,618,3,2026-01-21T20:18:00,False,STOP,False,0
TXN-00131,CUST-0038,75000,INR,net_banking,failed,temporary_gateway_failure,operational,0,15,1459,0,2026-01-21T04:29:00,False,ESCALATE_TO_HUMAN,False,0
TXN-00132,CUST-0196,30000,INR,debit_card,failed,card_declined,operational,5,18,1124,0,2026-01-15T19:11:00,False,ESCALATE_TO_HUMAN,False,0
TXN-00133,CUST-0334,150000,INR,upi,failed,expired_card,operational,0,3,1747,1,2026-01-30T19:07:00,False,ESCALATE_TO_HUMAN,False,0
TXN-00134,CUST-0205,30000,INR,debit_card,failed,expired_card,operational,3,10,1695,3,2026-01-21T15:20:00,False,STOP,False,0
TXN-00135,CUST-0035,2500,INR,upi,failed,temporary_gateway_failure,operational,2,4,1407,1,2026-01-22T14:01:00,True,RETRY_PAYMENT,True,2500
TXN-00136,CUST-0490,500,INR,credit_card,failed,insufficient_funds,operational,1,17,123,0,2026-01-27T16:34:00,False,ESCALATE_TO_HUMAN,False,0
TXN-00137,CUST-0308,7500,INR,credit_card,failed,card_declined,operational,3,1,1984,3,2026-01-14T02:10:00,False,STOP,False,0
TXN-00138,CUST-0189,2500,INR,debit_card,failed,temporary_gateway_failure,operational,0,11,1732,1,2026-01-26T07:35:00,True,RETRY_PAYMENT,True,2500
TXN-00139,CUST-0286,2500,INR,net_banking,failed,gateway_timeout,operational,4,19,1383,4,2026-01-30T05:59:00,False,STOP,False,0
TXN-00140,CUST-0093,500,INR,upi,failed,invalid_payment_method,operational,2,10,719,0,2026-01-01T06:40:00,False,ESCALATE_TO_HUMAN,False,0
TXN-00141,CUST-0111,30000,INR,net_banking,failed,expired_card,operational,0,2,1529,2,2026-01-25T03:25:00,False,ESCALATE_TO_HUMAN,False,0
TXN-00142,CUST-0453,2500,INR,upi,failed,insufficient_funds,operational,2,18,1222,0,2026-01-04T20:47:00,False,ESCALATE_TO_HUMAN,False,0
TXN-00143,CUST-0227,500,INR,credit_card,failed,gateway_timeout,operational,5,13,995,0,2026-01-28T15:05:00,True,RETRY_PAYMENT,True,500
TXN-00144,CUST-0342,2500,INR,credit_card,failed,expired_card,operational,5,18,997,0,2026-01-24T23:33:00,False,ESCALATE_TO_HUMAN,False,0
TXN-00145,CUST-0393,2500,INR,net_banking,failed,gateway_timeout,down,1,9,1937,0,2026-01-10T14:43:00,False,ESCALATE_TO_HUMAN,False,0
TXN-00146,CUST-0195,500,INR,upi,failed,card_declined,operational,5,13,360,0,2026-01-06T21:06:00,False,ESCALATE_TO_HUMAN,False,0
TXN-00147,CUST-0472,7500,INR,upi,failed,gateway_timeout,operational,0,13,39,3,2026-01-21T22:10:00,False,STOP,False,0
TXN-00148,CUST-0011,500,INR,net_banking,failed,card_declined,operational,3,9,236,2,2026-01-19T10:24:00,False,ESCALATE_TO_HUMAN,False,0
TXN-00149,CUST-0125,75000,INR,net_banking,failed,gateway_timeout,operational,0,13,1730,3,2026-01-05T19:37:00,False,STOP,False,0
TXN-00150,CUST-0040,2500,INR,credit_card,failed,insufficient_funds,operational,2,7,683,0,2026-01-08T15:38:00,False,ESCALATE_TO_HUMAN,False,0
TXN-00151,CUST-0121,7500,INR,debit_card,failed,temporary_gateway_failure,degraded,5,20,1670,0,2026-01-07T17:19:00,False,ESCALATE_TO_HUMAN,False,0
TXN-00152,CUST-0253,500,INR,debit_card,failed,card_declined,operational,5,2,363,0,2026-01-29T13:53:00,False,ESCALATE_TO_HUMAN,False,0
TXN-00153,CUST-0443,7500,INR,net_banking,failed,expired_card,operational,5,20,1280,3,2026-01-15T17:01:00,False,STOP,False,0
TXN-00154,CUST-0303,150000,INR,debit_card,failed,card_declined,operational,5,9,1631,1,2026-01-13T12:01:00,False,ESCALATE_TO_HUMAN,False,0
TXN-00155,CUST-0040,500,INR,credit_card,failed,expired_card,operational,0,11,1704,1,2026-01-14T01:33:00,False,ESCALATE_TO_HUMAN,False,0
TXN-00156,CUST-0334,7500,INR,net_banking,failed,temporary_gateway_failure,operational,5,1,922,1,2026-01-27T00:24:00,True,RETRY_PAYMENT,True,7500
TXN-00157,CUST-0089,7500,INR,debit_card,failed,expired_card,degraded,2,2,1034,1,2026-01-30T09:44:00,False,ESCALATE_TO_HUMAN,False,0
TXN-00158,CUST-0470,500,INR,net_banking,failed,invalid_payment_method,down,4,5,746,1,2026-01-17T23:15:00,False,ESCALATE_TO_HUMAN,False,0
TXN-00159,CUST-0169,2500,INR,upi,failed,insufficient_funds,operational,5,20,686,0,2026-01-03T23:59:00,False,ESCALATE_TO_HUMAN,False,0
TXN-00160,CUST-0171,500,INR,net_banking,failed,invalid_payment_method,operational,5,19,1789,2,2026-01-07T20:14:00,False,ESCALATE_TO_HUMAN,False,0
TXN-00161,CUST-0363,500,INR,debit_card,failed,invalid_payment_method,degraded,5,12,265,0,2026-01-28T01:56:00,False,ESCALATE_TO_HUMAN,False,0
TXN-00162,CUST-0344,75000,INR,net_banking,failed,card_declined,operational,1,16,192,0,2026-01-30T09:37:00,False,ESCALATE_TO_HUMAN,False,0
TXN-00163,CUST-0099,2500,INR,credit_card,failed,card_declined,operational,1,10,1941,0,2026-01-23T03:08:00,False,ESCALATE_TO_HUMAN,False,0
TXN-00164,CUST-0428,2500,INR,debit_card,failed,gateway_timeout,operational,0,16,1579,2,2026-01-25T13:34:00,True,RETRY_PAYMENT,False,0
TXN-00165,CUST-0093,7500,INR,upi,failed,invalid_payment_method,operational,4,12,316,1,2026-01-08T09:13:00,False,ESCALATE_TO_HUMAN,False,0
TXN-00166,CUST-0313,30000,INR,debit_card,failed,expired_card,operational,2,7,1986,0,2026-01-21T05:11:00,False,ESCALATE_TO_HUMAN,False,0
TXN-00167,CUST-0226,2500,INR,net_banking,failed,invalid_payment_method,operational,3,6,754,0,2026-01-26T23:03:00,False,ESCALATE_TO_HUMAN,False,0
TXN-00168,CUST-0071,7500,INR,net_banking,failed,card_declined,operational,1,6,1641,0,2026-01-28T12:27:00,False,ESCALATE_TO_HUMAN,False,0
TXN-00169,CUST-0146,30000,INR,net_banking,failed,temporary_gateway_failure,operational,0,16,1744,1,2026-01-06T16:10:00,True,RETRY_PAYMENT,True,30000
TXN-00170,CUST-0477,500,INR,debit_card,failed,insufficient_funds,operational,1,14,1812,0,2026-01-16T21:50:00,False,ESCALATE_TO_HUMAN,False,0
TXN-00171,CUST-0164,500,INR,net_banking,failed,temporary_gateway_failure,operational,0,11,460,0,2026-01-02T06:47:00,True,RETRY_PAYMENT,False,0
TXN-00172,CUST-0389,30000,INR,upi,failed,invalid_payment_method,operational,2,15,1426,0,2026-01-07T07:35:00,False,ESCALATE_TO_HUMAN,False,0
TXN-00173,CUST-0271,15000,INR,credit_card,failed,insufficient_funds,degraded,1,4,1124,0,2026-01-28T17:03:00,False,ESCALATE_TO_HUMAN,False,0
TXN-00174,CUST-0235,2500,INR,debit_card,failed,card_declined,operational,3,20,1626,0,2026-01-29T08:16:00,False,ESCALATE_TO_HUMAN,False,0
TXN-00175,CUST-0001,500,INR,credit_card,failed,insufficient_funds,operational,5,4,597,1,2026-01-20T12:50:00,False,ESCALATE_TO_HUMAN,False,0
TXN-00176,CUST-0279,7500,INR,net_banking,failed,gateway_timeout,operational,4,11,139,1,2026-01-24T22:35:00,True,RETRY_PAYMENT,True,7500
TXN-00177,CUST-0383,150000,INR,credit_card,failed,expired_card,operational,5,12,765,1,2026-01-12T13:03:00,False,ESCALATE_TO_HUMAN,False,0
TXN-00178,CUST-0069,500,INR,upi,failed,temporary_gateway_failure,operational,0,18,1506,1,2026-01-16T03:11:00,True,RETRY_PAYMENT,True,500
TXN-00179,CUST-0416,7500,INR,debit_card,failed,invalid_payment_method,operational,5,15,1294,1,2026-01-09T07:05:00,False,ESCALATE_TO_HUMAN,False,0
TXN-00180,CUST-0264,500,INR,net_banking,failed,invalid_payment_method,operational,1,1,647,0,2026-01-15T02:41:00,False,ESCALATE_TO_HUMAN,False,0
TXN-00181,CUST-0444,2500,INR,net_banking,failed,expired_card,operational,1,9,732,2,2026-01-03T04:12:00,False,ESCALATE_TO_HUMAN,False,0
TXN-00182,CUST-0174,15000,INR,credit_card,failed,card_declined,operational,3,14,1833,0,2026-01-18T14:19:00,False,ESCALATE_TO_HUMAN,False,0
TXN-00183,CUST-0041,150000,INR,net_banking,failed,insufficient_funds,operational,2,2,1490,2,2026-01-20T07:40:00,False,ESCALATE_TO_HUMAN,False,0
TXN-00184,CUST-0309,2500,INR,upi,failed,gateway_timeout,operational,5,9,628,0,2026-01-21T07:03:00,True,RETRY_PAYMENT,False,0
TXN-00185,CUST-0328,500,INR,upi,failed,insufficient_funds,operational,2,19,891,2,2026-01-13T11:53:00,False,ESCALATE_TO_HUMAN,False,0
TXN-00186,CUST-0074,150000,INR,credit_card,failed,temporary_gateway_failure,operational,4,5,1952,0,2026-01-02T10:00:00,False,ESCALATE_TO_HUMAN,False,0
TXN-00187,CUST-0487,30000,INR,net_banking,failed,invalid_payment_method,operational,5,11,742,0,2026-01-18T10:10:00,False,ESCALATE_TO_HUMAN,False,0
TXN-00188,CUST-0294,7500,INR,debit_card,failed,expired_card,operational,2,14,1563,4,2026-01-04T11:58:00,False,STOP,False,0
TXN-00189,CUST-0256,500,INR,net_banking,failed,card_declined,operational,0,0,1507,0,2026-01-09T11:12:00,False,ESCALATE_TO_HUMAN,False,0
TXN-00190,CUST-0356,7500,INR,credit_card,failed,expired_card,operational,3,6,1254,0,2026-01-13T23:55:00,False,ESCALATE_TO_HUMAN,False,0
TXN-00191,CUST-0045,75000,INR,debit_card,failed,insufficient_funds,operational,3,5,1841,3,2026-01-21T06:10:00,False,STOP,False,0
TXN-00192,CUST-0365,30000,INR,upi,failed,card_declined,operational,2,9,1744,1,2026-01-08T04:02:00,False,ESCALATE_TO_HUMAN,False,0
TXN-00193,CUST-0122,15000,INR,debit_card,failed,invalid_payment_method,operational,0,6,1623,1,2026-01-07T07:41:00,False,ESCALATE_TO_HUMAN,False,0
TXN-00194,CUST-0034,15000,INR,upi,failed,temporary_gateway_failure,operational,4,4,1254,0,2026-01-04T22:10:00,True,RETRY_PAYMENT,True,15000
TXN-00195,CUST-0329,150000,INR,net_banking,failed,invalid_payment_method,operational,4,2,257,2,2026-01-15T10:16:00,False,ESCALATE_TO_HUMAN,False,0
TXN-00196,CUST-0394,500,INR,upi,failed,insufficient_funds,operational,4,20,1204,2,2026-01-09T06:45:00,False,ESCALATE_TO_HUMAN,False,0
TXN-00197,CUST-0479,75000,INR,credit_card,failed,insufficient_funds,operational,2,5,332,1,2026-01-15T16:25:00,False,ESCALATE_TO_HUMAN,False,0
TXN-00198,CUST-0321,15000,INR,upi,failed,card_declined,operational,5,17,563,0,2026-01-06T16:43:00,False,ESCALATE_TO_HUMAN,False,0
TXN-00199,CUST-0320,2500,INR,credit_card,failed,expired_card,operational,4,4,351,0,2026-01-30T23:30:00,False,ESCALATE_TO_HUMAN,False,0
TXN-00200,CUST-0395,15000,INR,upi,failed,expired_card,operational,0,2,94,1,2026-01-30T04:38:00,False,ESCALATE_TO_HUMAN,False,0
TXN-00201,CUST-0280,7500,INR,debit_card,failed,invalid_payment_method,operational,5,0,1020,0,2026-01-29T13:01:00,False,ESCALATE_TO_HUMAN,False,0
TXN-00202,CUST-0353,2500,INR,net_banking,failed,card_declined,operational,3,9,929,2,2026-01-04T07:42:00,False,ESCALATE_TO_HUMAN,False,0
TXN-00203,CUST-0376,500,INR,net_banking,failed,insufficient_funds,operational,4,4,641,0,2026-01-15T12:46:00,False,ESCALATE_TO_HUMAN,False,0
TXN-00204,CUST-0239,150000,INR,net_banking,failed,card_declined,operational,4,3,654,0,2026-01-12T00:02:00,False,ESCALATE_TO_HUMAN,False,0
TXN-00205,CUST-0493,500,INR,debit_card,failed,insufficient_funds,operational,3,19,857,0,2026-01-12T07:10:00,False,ESCALATE_TO_HUMAN,False,0
TXN-00206,CUST-0240,30000,INR,upi,failed,gateway_timeout,degraded,1,5,1021,2,2026-01-24T10:13:00,False,ESCALATE_TO_HUMAN,False,0
TXN-00207,CUST-0111,7500,INR,net_banking,failed,card_declined,operational,4,14,1980,4,2026-01-11T22:56:00,False,STOP,False,0
TXN-00208,CUST-0005,7500,INR,credit_card,failed,temporary_gateway_failure,operational,5,15,586,1,2026-01-25T10:12:00,True,RETRY_PAYMENT,False,0
TXN-00209,CUST-0100,2500,INR,upi,failed,card_declined,operational,3,1,1168,0,2026-01-26T13:39:00,False,ESCALATE_TO_HUMAN,False,0
TXN-00210,CUST-0349,2500,INR,credit_card,failed,card_declined,operational,4,8,1691,1,2026-01-29T08:44:00,False,ESCALATE_TO_HUMAN,False,0
TXN-00211,CUST-0387,7500,INR,credit_card,failed,gateway_timeout,operational,2,17,1923,2,2026-01-17T15:20:00,True,RETRY_PAYMENT,True,7500
TXN-00212,CUST-0077,7500,INR,credit_card,failed,insufficient_funds,operational,2,15,1064,0,2026-01-21T19:09:00,False,ESCALATE_TO_HUMAN,False,0
TXN-00213,CUST-0304,7500,INR,debit_card,failed,expired_card,operational,1,12,1263,1,2026-01-14T14:50:00,False,ESCALATE_TO_HUMAN,False,0
TXN-00214,CUST-0214,2500,INR,net_banking,failed,expired_card,operational,0,11,679,0,2026-01-05T23:43:00,False,ESCALATE_TO_HUMAN,False,0
TXN-00215,CUST-0370,7500,INR,credit_card,failed,invalid_payment_method,operational,5,18,1183,0,2026-01-11T08:32:00,False,ESCALATE_TO_HUMAN,False,0
TXN-00216,CUST-0017,500,INR,debit_card,failed,insufficient_funds,operational,3,4,1683,2,2026-01-12T00:32:00,False,ESCALATE_TO_HUMAN,False,0
TXN-00217,CUST-0211,7500,INR,credit_card,failed,invalid_payment_method,operational,3,4,846,0,2026-01-10T06:42:00,False,ESCALATE_TO_HUMAN,False,0
TXN-00218,CUST-0288,7500,INR,net_banking,failed,expired_card,operational,0,4,1063,2,2026-01-10T10:28:00,False,ESCALATE_TO_HUMAN,False,0
TXN-00219,CUST-0176,2500,INR,net_banking,failed,invalid_payment_method,operational,1,14,1869,0,2026-01-25T06:19:00,False,ESCALATE_TO_HUMAN,False,0
TXN-00220,CUST-0116,7500,INR,upi,failed,invalid_payment_method,operational,1,8,1143,0,2026-01-14T14:02:00,False,ESCALATE_TO_HUMAN,False,0
TXN-00221,CUST-0287,75000,INR,upi,failed,card_declined,operational,3,10,983,1,2026-01-16T20:59:00,False,ESCALATE_TO_HUMAN,False,0
TXN-00222,CUST-0420,75000,INR,upi,failed,invalid_payment_method,operational,4,12,1835,1,2026-01-18T22:56:00,False,ESCALATE_TO_HUMAN,False,0
TXN-00223,CUST-0336,2500,INR,upi,failed,gateway_timeout,operational,0,11,1893,4,2026-01-21T03:11:00,False,STOP,False,0
TXN-00224,CUST-0316,2500,INR,debit_card,failed,insufficient_funds,operational,4,8,282,1,2026-01-05T23:18:00,False,ESCALATE_TO_HUMAN,False,0
TXN-00225,CUST-0052,15000,INR,debit_card,failed,gateway_timeout,operational,1,20,477,3,2026-01-03T09:20:00,False,STOP,False,0
TXN-00226,CUST-0209,2500,INR,net_banking,failed,invalid_payment_method,operational,0,17,1903,2,2026-01-08T04:30:00,False,ESCALATE_TO_HUMAN,False,0
TXN-00227,CUST-0031,15000,INR,net_banking,failed,insufficient_funds,operational,2,10,585,2,2026-01-30T09:29:00,False,ESCALATE_TO_HUMAN,False,0
TXN-00228,CUST-0479,75000,INR,debit_card,failed,temporary_gateway_failure,operational,0,5,856,2,2026-01-09T00:00:00,False,ESCALATE_TO_HUMAN,False,0
TXN-00229,CUST-0291,75000,INR,net_banking,failed,insufficient_funds,operational,2,1,19,2,2026-01-14T13:55:00,False,ESCALATE_TO_HUMAN,False,0
TXN-00230,CUST-0436,7500,INR,upi,failed,card_declined,operational,4,15,1822,1,2026-01-07T02:34:00,False,ESCALATE_TO_HUMAN,False,0
TXN-00231,CUST-0368,7500,INR,debit_card,failed,card_declined,operational,5,14,1328,0,2026-01-12T17:00:00,False,ESCALATE_TO_HUMAN,False,0
TXN-00232,CUST-0460,500,INR,upi,failed,invalid_payment_method,operational,1,5,1252,1,2026-01-30T01:39:00,False,ESCALATE_TO_HUMAN,False,0
TXN-00233,CUST-0480,2500,INR,upi,failed,insufficient_funds,operational,1,4,978,1,2026-01-15T17:27:00,False,ESCALATE_TO_HUMAN,False,0
TXN-00234,CUST-0006,2500,INR,net_banking,failed,card_declined,operational,2,9,1193,2,2026-01-27T01:44:00,False,ESCALATE_TO_HUMAN,False,0
TXN-00235,CUST-0473,2500,INR,debit_card,failed,card_declined,operational,2,5,831,0,2026-01-23T20:53:00,False,ESCALATE_TO_HUMAN,False,0
TXN-00236,CUST-0113,30000,INR,upi,failed,invalid_payment_method,operational,2,11,1259,1,2026-01-11T01:13:00,False,ESCALATE_TO_HUMAN,False,0
TXN-00237,CUST-0468,75000,INR,debit_card,failed,insufficient_funds,operational,2,13,1438,5,2026-01-25T23:54:00,False,STOP,False,0
TXN-00238,CUST-0271,7500,INR,debit_card,failed,expired_card,operational,4,2,1077,1,2026-01-21T07:58:00,False,ESCALATE_TO_HUMAN,False,0
TXN-00239,CUST-0077,15000,INR,credit_card,failed,temporary_gateway_failure,operational,4,6,1173,1,2026-01-25T10:10:00,True,RETRY_PAYMENT,True,15000
TXN-00240,CUST-0229,30000,INR,credit_card,failed,insufficient_funds,operational,3,2,1841,2,2026-01-24T05:27:00,False,ESCALATE_TO_HUMAN,False,0
TXN-00241,CUST-0371,30000,INR,debit_card,failed,insufficient_funds,operational,0,17,947,1,2026-01-15T00:36:00,False,ESCALATE_TO_HUMAN,False,0
TXN-00242,CUST-0278,500,INR,credit_card,failed,card_declined,operational,0,13,706,1,2026-01-03T21:38:00,False,ESCALATE_TO_HUMAN,False,0
TXN-00243,CUST-0494,150000,INR,net_banking,failed,temporary_gateway_failure,operational,1,20,1494,0,2026-01-30T09:28:00,False,ESCALATE_TO_HUMAN,False,0
TXN-00244,CUST-0069,2500,INR,net_banking,failed,insufficient_funds,operational,3,2,1399,3,2026-01-25T13:03:00,False,STOP,False,0
TXN-00245,CUST-0428,15000,INR,credit_card,failed,card_declined,operational,4,4,1491,1,2026-01-11T03:14:00,False,ESCALATE_TO_HUMAN,False,0
TXN-00246,CUST-0127,500,INR,upi,failed,temporary_gateway_failure,operational,3,17,777,2,2026-01-11T10:51:00,True,RETRY_PAYMENT,True,500
TXN-00247,CUST-0035,500,INR,credit_card,failed,gateway_timeout,operational,4,0,493,1,2026-01-10T09:05:00,True,RETRY_PAYMENT,True,500
TXN-00248,CUST-0387,500,INR,credit_card,failed,expired_card,operational,3,7,1106,0,2026-01-10T21:18:00,False,ESCALATE_TO_HUMAN,False,0
TXN-00249,CUST-0307,30000,INR,debit_card,failed,temporary_gateway_failure,operational,5,18,654,0,2026-01-27T06:45:00,True,RETRY_PAYMENT,True,30000
TXN-00250,CUST-0141,30000,INR,upi,failed,gateway_timeout,operational,4,7,847,5,2026-01-14T16:13:00,False,STOP,False,0
TXN-00251,CUST-0483,500,INR,debit_card,failed,expired_card,operational,3,1,1992,0,2026-01-16T16:11:00,False,ESCALATE_TO_HUMAN,False,0
TXN-00252,CUST-0243,7500,INR,upi,failed,insufficient_funds,operational,2,12,377,0,2026-01-25T11:33:00,False,ESCALATE_TO_HUMAN,False,0
TXN-00253,CUST-0496,2500,INR,upi,failed,gateway_timeout,operational,3,1,1152,0,2026-01-19T18:45:00,True,RETRY_PAYMENT,True,2500
TXN-00254,CUST-0048,7500,INR,debit_card,failed,insufficient_funds,operational,0,14,1735,0,2026-01-17T21:18:00,False,ESCALATE_TO_HUMAN,False,0
TXN-00255,CUST-0097,7500,INR,credit_card,failed,gateway_timeout,operational,4,1,1790,1,2026-01-04T07:29:00,True,RETRY_PAYMENT,False,0
TXN-00256,CUST-0109,7500,INR,debit_card,failed,invalid_payment_method,operational,2,9,1960,3,2026-01-01T16:44:00,False,STOP,False,0
TXN-00257,CUST-0204,75000,INR,credit_card,failed,invalid_payment_method,operational,1,19,1442,2,2026-01-10T07:22:00,False,ESCALATE_TO_HUMAN,False,0
TXN-00258,CUST-0134,75000,INR,upi,failed,expired_card,operational,4,20,736,0,2026-01-15T00:52:00,False,ESCALATE_TO_HUMAN,False,0
TXN-00259,CUST-0190,2500,INR,net_banking,failed,insufficient_funds,operational,3,10,1873,5,2026-01-10T05:52:00,False,STOP,False,0
TXN-00260,CUST-0152,2500,INR,debit_card,failed,temporary_gateway_failure,operational,4,18,1187,0,2026-01-20T00:06:00,True,RETRY_PAYMENT,True,2500
TXN-00261,CUST-0495,2500,INR,debit_card,failed,insufficient_funds,operational,5,10,528,1,2026-01-23T05:42:00,False,ESCALATE_TO_HUMAN,False,0
TXN-00262,CUST-0251,15000,INR,net_banking,failed,invalid_payment_method,operational,2,5,287,2,2026-01-25T20:58:00,False,ESCALATE_TO_HUMAN,False,0
TXN-00263,CUST-0212,500,INR,credit_card,failed,expired_card,operational,0,1,1566,2,2026-01-01T06:58:00,False,ESCALATE_TO_HUMAN,False,0
TXN-00264,CUST-0031,500,INR,debit_card,failed,invalid_payment_method,operational,1,16,934,0,2026-01-17T23:38:00,False,ESCALATE_TO_HUMAN,False,0
TXN-00265,CUST-0009,7500,INR,net_banking,failed,invalid_payment_method,operational,4,17,843,0,2026-01-01T12:56:00,False,ESCALATE_TO_HUMAN,False,0
TXN-00266,CUST-0055,7500,INR,upi,failed,card_declined,operational,5,13,1652,2,2026-01-09T03:48:00,False,ESCALATE_TO_HUMAN,False,0
TXN-00267,CUST-0041,75000,INR,debit_card,failed,expired_card,operational,2,11,548,1,2026-01-19T01:31:00,False,ESCALATE_TO_HUMAN,False,0
TXN-00268,CUST-0335,2500,INR,net_banking,failed,insufficient_funds,operational,1,9,1401,5,2026-01-04T16:03:00,False,STOP,False,0
TXN-00269,CUST-0005,150000,INR,credit_card,failed,invalid_payment_method,operational,4,15,115,0,2026-01-29T23:29:00,False,ESCALATE_TO_HUMAN,False,0
TXN-00270,CUST-0459,15000,INR,net_banking,failed,temporary_gateway_failure,operational,2,18,1758,1,2026-01-05T08:09:00,True,RETRY_PAYMENT,True,15000
TXN-00271,CUST-0289,500,INR,net_banking,failed,gateway_timeout,operational,5,8,1842,3,2026-01-25T17:08:00,False,STOP,False,0
TXN-00272,CUST-0154,15000,INR,upi,failed,gateway_timeout,operational,1,12,1903,0,2026-01-04T12:02:00,True,RETRY_PAYMENT,True,15000
TXN-00273,CUST-0028,2500,INR,upi,failed,insufficient_funds,operational,5,2,1026,2,2026-01-16T17:46:00,False,ESCALATE_TO_HUMAN,False,0
TXN-00274,CUST-0016,500,INR,credit_card,failed,gateway_timeout,operational,4,12,1985,2,2026-01-15T20:29:00,True,RETRY_PAYMENT,True,500
TXN-00275,CUST-0339,15000,INR,net_banking,failed,insufficient_funds,operational,3,13,381,1,2026-01-27T15:55:00,False,ESCALATE_TO_HUMAN,False,0
TXN-00276,CUST-0365,2500,INR,upi,failed,expired_card,operational,0,8,316,2,2026-01-18T07:03:00,False,ESCALATE_TO_HUMAN,False,0
TXN-00277,CUST-0390,15000,INR,net_banking,failed,gateway_timeout,operational,0,9,911,0,2026-01-17T09:07:00,True,RETRY_PAYMENT,True,15000
TXN-00278,CUST-0182,500,INR,net_banking,failed,gateway_timeout,operational,3,3,54,1,2026-01-05T01:53:00,True,RETRY_PAYMENT,True,500
TXN-00279,CUST-0293,7500,INR,net_banking,failed,card_declined,operational,0,17,1854,0,2026-01-12T01:08:00,False,ESCALATE_TO_HUMAN,False,0
TXN-00280,CUST-0086,7500,INR,net_banking,failed,invalid_payment_method,operational,2,15,299,0,2026-01-03T21:06:00,False,ESCALATE_TO_HUMAN,False,0
TXN-00281,CUST-0254,2500,INR,upi,failed,insufficient_funds,operational,2,7,1477,0,2026-01-29T10:42:00,False,ESCALATE_TO_HUMAN,False,0
TXN-00282,CUST-0195,7500,INR,net_banking,failed,gateway_timeout,operational,3,10,1724,0,2026-01-29T05:24:00,True,RETRY_PAYMENT,False,0
TXN-00283,CUST-0309,2500,INR,net_banking,failed,card_declined,operational,4,4,616,3,2026-01-15T14:15:00,False,STOP,False,0
TXN-00284,CUST-0252,75000,INR,net_banking,failed,gateway_timeout,operational,2,9,1506,4,2026-01-29T19:17:00,False,STOP,False,0
TXN-00285,CUST-0103,75000,INR,upi,failed,gateway_timeout,operational,3,11,234,2,2026-01-26T15:52:00,False,ESCALATE_TO_HUMAN,False,0
TXN-00286,CUST-0225,7500,INR,debit_card,failed,expired_card,operational,5,14,1932,1,2026-01-10T12:59:00,False,ESCALATE_TO_HUMAN,False,0
TXN-00287,CUST-0156,15000,INR,credit_card,failed,invalid_payment_method,operational,3,15,286,2,2026-01-29T19:46:00,False,ESCALATE_TO_HUMAN,False,0
TXN-00288,CUST-0299,2500,INR,debit_card,failed,invalid_payment_method,operational,0,14,1225,2,2026-01-22T19:27:00,False,ESCALATE_TO_HUMAN,False,0
TXN-00289,CUST-0469,2500,INR,net_banking,failed,expired_card,operational,2,17,1217,2,2026-01-30T01:03:00,False,ESCALATE_TO_HUMAN,False,0
TXN-00290,CUST-0205,500,INR,upi,failed,gateway_timeout,operational,4,20,1388,1,2026-01-30T10:24:00,True,RETRY_PAYMENT,False,0
TXN-00291,CUST-0353,2500,INR,credit_card,failed,insufficient_funds,operational,4,16,1143,0,2026-01-27T10:04:00,False,ESCALATE_TO_HUMAN,False,0
TXN-00292,CUST-0013,7500,INR,upi,failed,insufficient_funds,operational,4,16,309,2,2026-01-16T16:47:00,False,ESCALATE_TO_HUMAN,False,0
TXN-00293,CUST-0176,7500,INR,net_banking,failed,card_declined,degraded,5,4,714,0,2026-01-15T04:40:00,False,ESCALATE_TO_HUMAN,False,0
TXN-00294,CUST-0154,7500,INR,net_banking,failed,gateway_timeout,operational,5,14,654,0,2026-01-04T01:22:00,True,RETRY_PAYMENT,True,7500
TXN-00295,CUST-0283,15000,INR,upi,failed,temporary_gateway_failure,operational,1,7,1057,1,2026-01-08T22:32:00,True,RETRY_PAYMENT,True,15000
TXN-00296,CUST-0203,7500,INR,debit_card,failed,insufficient_funds,operational,1,20,1347,1,2026-01-20T16:00:00,False,ESCALATE_TO_HUMAN,False,0
TXN-00297,CUST-0386,500,INR,debit_card,failed,expired_card,operational,0,6,422,0,2026-01-13T16:01:00,False,ESCALATE_TO_HUMAN,False,0
TXN-00298,CUST-0059,15000,INR,credit_card,failed,temporary_gateway_failure,operational,2,10,404,1,2026-01-21T19:46:00,True,RETRY_PAYMENT,True,15000
TXN-00299,CUST-0433,30000,INR,upi,failed,expired_card,operational,4,3,713,1,2026-01-17T00:27:00,False,ESCALATE_TO_HUMAN,False,0
TXN-00300,CUST-0123,7500,INR,upi,failed,gateway_timeout,degraded,5,4,642,1,2026-01-06T08:44:00,False,ESCALATE_TO_HUMAN,False,0
TXN-00301,CUST-0197,2500,INR,upi,failed,gateway_timeout,operational,3,19,283,1,2026-01-27T03:50:00,True,RETRY_PAYMENT,True,2500
TXN-00302,CUST-0318,7500,INR,debit_card,failed,expired_card,operational,1,5,645,1,2026-01-21T12:36:00,False,ESCALATE_TO_HUMAN,False,0
TXN-00303,CUST-0254,500,INR,credit_card,failed,card_declined,operational,3,17,1036,0,2026-01-30T17:19:00,False,ESCALATE_TO_HUMAN,False,0
TXN-00304,CUST-0408,2500,INR,net_banking,failed,insufficient_funds,operational,1,2,1158,0,2026-01-02T09:42:00,False,ESCALATE_TO_HUMAN,False,0
TXN-00305,CUST-0282,15000,INR,credit_card,failed,card_declined,operational,1,14,1159,1,2026-01-23T13:00:00,False,ESCALATE_TO_HUMAN,False,0
TXN-00306,CUST-0390,7500,INR,credit_card,failed,expired_card,operational,2,17,1685,1,2026-01-02T21:26:00,False,ESCALATE_TO_HUMAN,False,0
TXN-00307,CUST-0231,15000,INR,debit_card,failed,expired_card,down,5,7,610,0,2026-01-02T11:12:00,False,ESCALATE_TO_HUMAN,False,0
TXN-00308,CUST-0353,2500,INR,net_banking,failed,temporary_gateway_failure,operational,1,6,1661,0,2026-01-27T18:10:00,True,RETRY_PAYMENT,True,2500
TXN-00309,CUST-0292,15000,INR,net_banking,failed,invalid_payment_method,operational,1,6,1650,0,2026-01-03T16:50:00,False,ESCALATE_TO_HUMAN,False,0
TXN-00310,CUST-0461,2500,INR,debit_card,failed,card_declined,operational,2,18,548,2,2026-01-24T09:52:00,False,ESCALATE_TO_HUMAN,False,0
TXN-00311,CUST-0065,15000,INR,debit_card,failed,temporary_gateway_failure,degraded,0,8,1776,2,2026-01-30T20:24:00,False,ESCALATE_TO_HUMAN,False,0
TXN-00312,CUST-0296,15000,INR,debit_card,failed,gateway_timeout,operational,1,12,1003,0,2026-01-07T11:17:00,True,RETRY_PAYMENT,True,15000
TXN-00313,CUST-0356,7500,INR,net_banking,failed,insufficient_funds,operational,0,12,1056,2,2026-01-13T15:53:00,False,ESCALATE_TO_HUMAN,False,0
TXN-00314,CUST-0326,75000,INR,net_banking,failed,card_declined,degraded,0,2,1497,0,2026-01-21T20:44:00,False,ESCALATE_TO_HUMAN,False,0
TXN-00315,CUST-0166,15000,INR,credit_card,failed,card_declined,operational,3,6,1014,0,2026-01-13T05:18:00,False,ESCALATE_TO_HUMAN,False,0
TXN-00316,CUST-0321,30000,INR,debit_card,failed,card_declined,operational,2,1,95,1,2026-01-05T12:45:00,False,ESCALATE_TO_HUMAN,False,0
TXN-00317,CUST-0104,15000,INR,credit_card,failed,insufficient_funds,operational,3,14,2,3,2026-01-20T11:16:00,False,STOP,False,0
TXN-00318,CUST-0129,150000,INR,upi,failed,gateway_timeout,operational,2,2,1341,4,2026-01-17T09:41:00,False,STOP,False,0
TXN-00319,CUST-0047,500,INR,debit_card,failed,invalid_payment_method,operational,5,7,880,1,2026-01-30T19:57:00,False,ESCALATE_TO_HUMAN,False,0
TXN-00320,CUST-0005,15000,INR,debit_card,failed,temporary_gateway_failure,operational,1,16,1393,0,2026-01-21T06:07:00,True,RETRY_PAYMENT,True,15000
TXN-00321,CUST-0053,2500,INR,net_banking,failed,temporary_gateway_failure,operational,1,12,183,1,2026-01-05T15:52:00,True,RETRY_PAYMENT,True,2500
TXN-00322,CUST-0036,30000,INR,net_banking,failed,gateway_timeout,operational,1,20,1387,2,2026-01-07T12:02:00,True,RETRY_PAYMENT,True,30000
TXN-00323,CUST-0316,500,INR,debit_card,failed,invalid_payment_method,operational,5,4,1884,2,2026-01-19T17:41:00,False,ESCALATE_TO_HUMAN,False,0
TXN-00324,CUST-0180,15000,INR,credit_card,failed,gateway_timeout,operational,0,18,1496,0,2026-01-18T11:27:00,True,RETRY_PAYMENT,False,0
TXN-00325,CUST-0146,2500,INR,debit_card,failed,gateway_timeout,operational,4,19,1229,0,2026-01-28T15:39:00,True,RETRY_PAYMENT,False,0
TXN-00326,CUST-0028,15000,INR,upi,failed,invalid_payment_method,operational,1,12,606,1,2026-01-30T09:47:00,False,ESCALATE_TO_HUMAN,False,0
TXN-00327,CUST-0456,15000,INR,net_banking,failed,gateway_timeout,operational,5,19,146,0,2026-01-25T01:01:00,True,RETRY_PAYMENT,False,0
TXN-00328,CUST-0391,150000,INR,debit_card,failed,card_declined,operational,3,11,1119,2,2026-01-08T20:42:00,False,ESCALATE_TO_HUMAN,False,0
TXN-00329,CUST-0486,7500,INR,credit_card,failed,temporary_gateway_failure,operational,1,1,1890,0,2026-01-03T18:02:00,True,RETRY_PAYMENT,True,7500
TXN-00330,CUST-0079,7500,INR,net_banking,failed,invalid_payment_method,operational,5,17,1102,0,2026-01-29T00:53:00,False,ESCALATE_TO_HUMAN,False,0
TXN-00331,CUST-0301,2500,INR,credit_card,failed,card_declined,operational,1,17,670,0,2026-01-18T18:46:00,False,ESCALATE_TO_HUMAN,False,0
TXN-00332,CUST-0474,7500,INR,credit_card,failed,invalid_payment_method,operational,1,1,501,0,2026-01-04T22:10:00,False,ESCALATE_TO_HUMAN,False,0
TXN-00333,CUST-0363,2500,INR,credit_card,failed,insufficient_funds,operational,5,5,245,2,2026-01-01T13:50:00,False,ESCALATE_TO_HUMAN,False,0
TXN-00334,CUST-0065,500,INR,debit_card,failed,temporary_gateway_failure,operational,4,8,342,0,2026-01-17T22:10:00,True,RETRY_PAYMENT,True,500
TXN-00335,CUST-0135,30000,INR,credit_card,failed,invalid_payment_method,operational,3,8,1073,0,2026-01-03T21:45:00,False,ESCALATE_TO_HUMAN,False,0
TXN-00336,CUST-0086,15000,INR,credit_card,failed,expired_card,operational,0,15,1760,1,2026-01-26T19:11:00,False,ESCALATE_TO_HUMAN,False,0
TXN-00337,CUST-0002,2500,INR,credit_card,failed,card_declined,operational,0,7,1518,1,2026-01-24T03:46:00,False,ESCALATE_TO_HUMAN,False,0
TXN-00338,CUST-0284,500,INR,debit_card,failed,temporary_gateway_failure,operational,1,5,1908,0,2026-01-02T14:37:00,True,RETRY_PAYMENT,False,0
TXN-00339,CUST-0293,15000,INR,net_banking,failed,invalid_payment_method,operational,5,10,556,0,2026-01-04T13:04:00,False,ESCALATE_TO_HUMAN,False,0
TXN-00340,CUST-0444,2500,INR,credit_card,failed,expired_card,operational,0,12,142,2,2026-01-22T04:00:00,False,ESCALATE_TO_HUMAN,False,0
TXN-00341,CUST-0402,2500,INR,upi,failed,card_declined,operational,2,6,598,1,2026-01-26T15:49:00,False,ESCALATE_TO_HUMAN,False,0
TXN-00342,CUST-0390,2500,INR,debit_card,failed,expired_card,operational,3,6,1501,1,2026-01-25T20:59:00,False,ESCALATE_TO_HUMAN,False,0
TXN-00343,CUST-0487,15000,INR,credit_card,failed,gateway_timeout,degraded,4,11,1303,0,2026-01-01T10:28:00,False,ESCALATE_TO_HUMAN,False,0
TXN-00344,CUST-0215,2500,INR,net_banking,failed,invalid_payment_method,operational,0,6,1086,2,2026-01-11T20:08:00,False,ESCALATE_TO_HUMAN,False,0
TXN-00345,CUST-0235,7500,INR,debit_card,failed,temporary_gateway_failure,operational,1,16,846,0,2026-01-17T22:51:00,True,RETRY_PAYMENT,False,0
TXN-00346,CUST-0340,500,INR,debit_card,failed,temporary_gateway_failure,operational,4,18,128,0,2026-01-20T19:07:00,True,RETRY_PAYMENT,False,0
TXN-00347,CUST-0140,2500,INR,upi,failed,card_declined,degraded,5,10,652,0,2026-01-21T14:31:00,False,ESCALATE_TO_HUMAN,False,0
TXN-00348,CUST-0239,2500,INR,debit_card,failed,gateway_timeout,operational,1,3,337,1,2026-01-21T11:02:00,True,RETRY_PAYMENT,True,2500
TXN-00349,CUST-0424,500,INR,debit_card,failed,card_declined,operational,0,2,323,1,2026-01-14T20:17:00,False,ESCALATE_TO_HUMAN,False,0
TXN-00350,CUST-0496,15000,INR,credit_card,failed,expired_card,operational,1,2,1457,3,2026-01-12T07:07:00,False,STOP,False,0
TXN-00351,CUST-0438,2500,INR,credit_card,failed,expired_card,operational,1,0,1950,0,2026-01-19T09:42:00,False,ESCALATE_TO_HUMAN,False,0
TXN-00352,CUST-0426,7500,INR,debit_card,failed,invalid_payment_method,operational,1,3,25,0,2026-01-03T19:21:00,False,ESCALATE_TO_HUMAN,False,0
TXN-00353,CUST-0044,15000,INR,debit_card,failed,gateway_timeout,operational,5,20,1921,0,2026-01-30T08:10:00,True,RETRY_PAYMENT,True,15000
TXN-00354,CUST-0048,2500,INR,credit_card,failed,temporary_gateway_failure,down,5,14,1658,0,2026-01-06T20:40:00,False,ESCALATE_TO_HUMAN,False,0
TXN-00355,CUST-0255,75000,INR,credit_card,failed,card_declined,operational,1,18,888,1,2026-01-18T23:26:00,False,ESCALATE_TO_HUMAN,False,0
TXN-00356,CUST-0453,500,INR,net_banking,failed,invalid_payment_method,operational,1,8,574,0,2026-01-21T07:09:00,False,ESCALATE_TO_HUMAN,False,0
TXN-00357,CUST-0144,500,INR,debit_card,failed,expired_card,operational,4,15,125,1,2026-01-04T23:48:00,False,ESCALATE_TO_HUMAN,False,0
TXN-00358,CUST-0407,2500,INR,debit_card,failed,insufficient_funds,operational,1,20,1643,2,2026-01-25T17:49:00,False,ESCALATE_TO_HUMAN,False,0
TXN-00359,CUST-0199,500,INR,upi,failed,insufficient_funds,operational,2,18,1029,2,2026-01-15T15:16:00,False,ESCALATE_TO_HUMAN,False,0
TXN-00360,CUST-0272,2500,INR,upi,failed,temporary_gateway_failure,operational,2,1,1657,0,2026-01-22T11:12:00,True,RETRY_PAYMENT,True,2500
TXN-00361,CUST-0392,7500,INR,debit_card,failed,gateway_timeout,operational,2,17,1672,1,2026-01-03T13:04:00,True,RETRY_PAYMENT,False,0
TXN-00362,CUST-0163,2500,INR,upi,failed,insufficient_funds,degraded,1,5,485,5,2026-01-27T23:11:00,False,STOP,False,0
TXN-00363,CUST-0289,30000,INR,upi,failed,invalid_payment_method,degraded,5,11,1941,0,2026-01-26T20:01:00,False,ESCALATE_TO_HUMAN,False,0
TXN-00364,CUST-0309,500,INR,net_banking,failed,gateway_timeout,operational,0,2,116,0,2026-01-11T14:05:00,True,RETRY_PAYMENT,True,500
TXN-00365,CUST-0471,7500,INR,upi,failed,temporary_gateway_failure,degraded,1,10,1469,0,2026-01-09T01:50:00,False,ESCALATE_TO_HUMAN,False,0
TXN-00366,CUST-0441,30000,INR,credit_card,failed,card_declined,operational,1,3,1734,1,2026-01-24T22:51:00,False,ESCALATE_TO_HUMAN,False,0
TXN-00367,CUST-0166,2500,INR,upi,failed,temporary_gateway_failure,operational,4,3,690,1,2026-01-14T17:36:00,True,RETRY_PAYMENT,True,2500
TXN-00368,CUST-0115,500,INR,net_banking,failed,insufficient_funds,operational,4,19,1612,0,2026-01-17T05:44:00,False,ESCALATE_TO_HUMAN,False,0
TXN-00369,CUST-0486,15000,INR,net_banking,failed,gateway_timeout,operational,1,5,1493,1,2026-01-01T01:57:00,True,RETRY_PAYMENT,False,0
TXN-00370,CUST-0054,7500,INR,credit_card,failed,expired_card,operational,4,7,1310,0,2026-01-26T17:43:00,False,ESCALATE_TO_HUMAN,False,0
TXN-00371,CUST-0421,75000,INR,upi,failed,gateway_timeout,operational,2,5,1303,0,2026-01-05T00:54:00,False,ESCALATE_TO_HUMAN,False,0
TXN-00372,CUST-0403,15000,INR,upi,failed,invalid_payment_method,operational,1,2,718,0,2026-01-12T16:20:00,False,ESCALATE_TO_HUMAN,False,0
TXN-00373,CUST-0180,500,INR,credit_card,failed,temporary_gateway_failure,operational,1,13,1010,2,2026-01-18T05:39:00,True,RETRY_PAYMENT,True,500
TXN-00374,CUST-0134,500,INR,debit_card,failed,insufficient_funds,operational,0,9,42,0,2026-01-15T12:07:00,False,ESCALATE_TO_HUMAN,False,0
TXN-00375,CUST-0174,75000,INR,upi,failed,temporary_gateway_failure,operational,5,2,1121,0,2026-01-05T05:41:00,False,ESCALATE_TO_HUMAN,False,0
TXN-00376,CUST-0081,7500,INR,net_banking,failed,expired_card,operational,5,5,1244,0,2026-01-20T18:15:00,False,ESCALATE_TO_HUMAN,False,0
TXN-00377,CUST-0153,500,INR,debit_card,failed,card_declined,degraded,4,17,544,0,2026-01-13T19:29:00,False,ESCALATE_TO_HUMAN,False,0
TXN-00378,CUST-0219,2500,INR,net_banking,failed,temporary_gateway_failure,operational,1,1,739,2,2026-01-01T04:10:00,True,RETRY_PAYMENT,True,2500
TXN-00379,CUST-0243,30000,INR,net_banking,failed,invalid_payment_method,operational,1,20,598,0,2026-01-04T17:29:00,False,ESCALATE_TO_HUMAN,False,0
TXN-00380,CUST-0199,30000,INR,net_banking,failed,card_declined,operational,2,2,1315,3,2026-01-25T18:19:00,False,STOP,False,0
TXN-00381,CUST-0429,500,INR,upi,failed,insufficient_funds,operational,3,14,540,0,2026-01-11T07:07:00,False,ESCALATE_TO_HUMAN,False,0
TXN-00382,CUST-0212,2500,INR,debit_card,failed,temporary_gateway_failure,operational,0,11,1656,1,2026-01-25T15:24:00,True,RETRY_PAYMENT,False,0
TXN-00383,CUST-0294,7500,INR,credit_card,failed,expired_card,operational,3,17,1408,2,2026-01-22T14:38:00,False,ESCALATE_TO_HUMAN,False,0
TXN-00384,CUST-0462,30000,INR,upi,failed,insufficient_funds,operational,5,1,1029,3,2026-01-26T23:55:00,False,STOP,False,0
TXN-00385,CUST-0414,7500,INR,debit_card,failed,expired_card,operational,1,5,1991,2,2026-01-10T15:26:00,False,ESCALATE_TO_HUMAN,False,0
TXN-00386,CUST-0133,500,INR,net_banking,failed,temporary_gateway_failure,operational,1,20,303,1,2026-01-28T01:57:00,True,RETRY_PAYMENT,True,500
TXN-00387,CUST-0470,15000,INR,credit_card,failed,temporary_gateway_failure,operational,2,8,1065,0,2026-01-21T20:25:00,True,RETRY_PAYMENT,False,0
TXN-00388,CUST-0474,15000,INR,net_banking,failed,expired_card,operational,4,18,1194,0,2026-01-05T13:26:00,False,ESCALATE_TO_HUMAN,False,0
TXN-00389,CUST-0249,500,INR,upi,failed,temporary_gateway_failure,operational,3,8,785,3,2026-01-30T19:12:00,False,STOP,False,0
TXN-00390,CUST-0020,7500,INR,credit_card,failed,insufficient_funds,operational,4,19,1395,0,2026-01-19T06:47:00,False,ESCALATE_TO_HUMAN,False,0
TXN-00391,CUST-0419,2500,INR,debit_card,failed,card_declined,operational,2,11,42,1,2026-01-16T09:02:00,False,ESCALATE_TO_HUMAN,False,0
TXN-00392,CUST-0069,15000,INR,upi,failed,card_declined,operational,5,3,1992,3,2026-01-11T08:59:00,False,STOP,False,0
TXN-00393,CUST-0046,2500,INR,net_banking,failed,invalid_payment_method,operational,5,13,1239,0,2026-01-30T09:07:00,False,ESCALATE_TO_HUMAN,False,0
TXN-00394,CUST-0034,500,INR,net_banking,failed,gateway_timeout,operational,2,1,1056,2,2026-01-08T05:38:00,True,RETRY_PAYMENT,True,500
TXN-00395,CUST-0234,7500,INR,credit_card,failed,gateway_timeout,operational,1,1,511,3,2026-01-02T12:07:00,False,STOP,False,0
TXN-00396,CUST-0349,500,INR,debit_card,failed,card_declined,operational,4,12,1302,2,2026-01-06T15:18:00,False,ESCALATE_TO_HUMAN,False,0
TXN-00397,CUST-0177,500,INR,net_banking,failed,card_declined,operational,3,18,1130,0,2026-01-16T22:01:00,False,ESCALATE_TO_HUMAN,False,0
TXN-00398,CUST-0439,500,INR,credit_card,failed,card_declined,operational,1,18,1598,0,2026-01-10T18:05:00,False,ESCALATE_TO_HUMAN,False,0
TXN-00399,CUST-0332,2500,INR,debit_card,failed,gateway_timeout,operational,0,0,971,0,2026-01-07T00:31:00,True,RETRY_PAYMENT,True,2500
TXN-00400,CUST-0459,30000,INR,upi,failed,gateway_timeout,operational,5,20,564,4,2026-01-20T06:54:00,False,STOP,False,0
TXN-00401,CUST-0204,2500,INR,net_banking,failed,card_declined,operational,5,16,1689,1,2026-01-29T09:08:00,False,ESCALATE_TO_HUMAN,False,0
TXN-00402,CUST-0247,7500,INR,upi,failed,temporary_gateway_failure,operational,2,9,1402,1,2026-01-05T22:04:00,True,RETRY_PAYMENT,True,7500
TXN-00403,CUST-0077,150000,INR,upi,failed,invalid_payment_method,operational,5,20,612,0,2026-01-09T13:44:00,False,ESCALATE_TO_HUMAN,False,0
TXN-00404,CUST-0349,7500,INR,credit_card,failed,gateway_timeout,operational,4,12,1353,2,2026-01-15T13:04:00,True,RETRY_PAYMENT,True,7500
TXN-00405,CUST-0418,500,INR,upi,failed,insufficient_funds,operational,3,1,1195,0,2026-01-27T00:49:00,False,ESCALATE_TO_HUMAN,False,0
TXN-00406,CUST-0433,500,INR,debit_card,failed,invalid_payment_method,operational,3,11,1039,1,2026-01-14T15:53:00,False,ESCALATE_TO_HUMAN,False,0
TXN-00407,CUST-0391,500,INR,debit_card,failed,invalid_payment_method,operational,5,8,1486,1,2026-01-26T10:36:00,False,ESCALATE_TO_HUMAN,False,0
TXN-00408,CUST-0191,75000,INR,upi,failed,invalid_payment_method,operational,1,9,862,0,2026-01-16T01:53:00,False,ESCALATE_TO_HUMAN,False,0
TXN-00409,CUST-0037,2500,INR,net_banking,failed,card_declined,operational,5,18,1189,1,2026-01-29T05:55:00,False,ESCALATE_TO_HUMAN,False,0
TXN-00410,CUST-0071,7500,INR,credit_card,failed,gateway_timeout,operational,2,13,111,0,2026-01-07T20:41:00,True,RETRY_PAYMENT,False,0
TXN-00411,CUST-0324,2500,INR,net_banking,failed,expired_card,operational,1,2,999,3,2026-01-16T03:19:00,False,STOP,False,0
TXN-00412,CUST-0251,150000,INR,credit_card,failed,card_declined,operational,1,18,1566,0,2026-01-08T05:03:00,False,ESCALATE_TO_HUMAN,False,0
TXN-00413,CUST-0197,15000,INR,debit_card,failed,temporary_gateway_failure,operational,3,13,1977,1,2026-01-22T17:26:00,True,RETRY_PAYMENT,True,15000
TXN-00414,CUST-0321,7500,INR,upi,failed,invalid_payment_method,degraded,4,6,37,3,2026-01-01T04:30:00,False,STOP,False,0
TXN-00415,CUST-0034,15000,INR,upi,failed,gateway_timeout,operational,4,18,627,0,2026-01-08T14:25:00,True,RETRY_PAYMENT,False,0
TXN-00416,CUST-0176,2500,INR,net_banking,failed,card_declined,operational,2,13,1819,1,2026-01-07T02:08:00,False,ESCALATE_TO_HUMAN,False,0
TXN-00417,CUST-0373,150000,INR,upi,failed,insufficient_funds,operational,3,0,468,0,2026-01-11T05:01:00,False,ESCALATE_TO_HUMAN,False,0
TXN-00418,CUST-0193,150000,INR,credit_card,failed,gateway_timeout,operational,2,20,1623,0,2026-01-02T16:48:00,False,ESCALATE_TO_HUMAN,False,0
TXN-00419,CUST-0025,30000,INR,credit_card,failed,card_declined,operational,0,20,1713,0,2026-01-01T21:33:00,False,ESCALATE_TO_HUMAN,False,0
TXN-00420,CUST-0005,15000,INR,net_banking,failed,insufficient_funds,operational,3,4,421,1,2026-01-29T16:28:00,False,ESCALATE_TO_HUMAN,False,0
TXN-00421,CUST-0262,2500,INR,credit_card,failed,invalid_payment_method,operational,4,4,858,0,2026-01-05T18:35:00,False,ESCALATE_TO_HUMAN,False,0
TXN-00422,CUST-0426,15000,INR,upi,failed,temporary_gateway_failure,operational,1,19,410,0,2026-01-12T23:15:00,True,RETRY_PAYMENT,True,15000
TXN-00423,CUST-0170,2500,INR,net_banking,failed,invalid_payment_method,operational,3,6,1410,0,2026-01-22T21:00:00,False,ESCALATE_TO_HUMAN,False,0
TXN-00424,CUST-0400,2500,INR,credit_card,failed,temporary_gateway_failure,degraded,5,15,306,2,2026-01-05T02:23:00,False,ESCALATE_TO_HUMAN,False,0
TXN-00425,CUST-0026,7500,INR,credit_card,failed,invalid_payment_method,degraded,3,9,541,1,2026-01-22T03:06:00,False,ESCALATE_TO_HUMAN,False,0
TXN-00426,CUST-0049,500,INR,credit_card,failed,gateway_timeout,operational,5,10,873,0,2026-01-06T06:35:00,True,RETRY_PAYMENT,False,0
TXN-00427,CUST-0138,30000,INR,debit_card,failed,temporary_gateway_failure,operational,2,14,1957,0,2026-01-29T07:10:00,True,RETRY_PAYMENT,False,0
TXN-00428,CUST-0354,500,INR,debit_card,failed,card_declined,operational,3,8,1712,0,2026-01-18T13:18:00,False,ESCALATE_TO_HUMAN,False,0
TXN-00429,CUST-0467,30000,INR,debit_card,failed,insufficient_funds,operational,0,5,213,1,2026-01-19T22:24:00,False,ESCALATE_TO_HUMAN,False,0
TXN-00430,CUST-0248,7500,INR,net_banking,failed,expired_card,operational,2,19,60,0,2026-01-06T22:42:00,False,ESCALATE_TO_HUMAN,False,0
TXN-00431,CUST-0393,75000,INR,net_banking,failed,temporary_gateway_failure,operational,5,10,26,0,2026-01-24T21:14:00,False,ESCALATE_TO_HUMAN,False,0
TXN-00432,CUST-0049,15000,INR,debit_card,failed,invalid_payment_method,degraded,2,16,1072,1,2026-01-29T03:16:00,False,ESCALATE_TO_HUMAN,False,0
TXN-00433,CUST-0457,2500,INR,debit_card,failed,invalid_payment_method,operational,5,12,305,1,2026-01-26T09:51:00,False,ESCALATE_TO_HUMAN,False,0
TXN-00434,CUST-0039,150000,INR,credit_card,failed,temporary_gateway_failure,operational,3,15,1781,0,2026-01-08T12:39:00,False,ESCALATE_TO_HUMAN,False,0
TXN-00435,CUST-0194,15000,INR,debit_card,failed,card_declined,operational,4,7,1128,0,2026-01-30T06:40:00,False,ESCALATE_TO_HUMAN,False,0
TXN-00436,CUST-0229,2500,INR,credit_card,failed,gateway_timeout,operational,3,2,1755,2,2026-01-23T16:26:00,True,RETRY_PAYMENT,True,2500
TXN-00437,CUST-0406,150000,INR,credit_card,failed,invalid_payment_method,operational,4,17,1,0,2026-01-05T03:16:00,False,ESCALATE_TO_HUMAN,False,0
TXN-00438,CUST-0187,7500,INR,upi,failed,expired_card,operational,5,14,1947,1,2026-01-16T12:18:00,False,ESCALATE_TO_HUMAN,False,0
TXN-00439,CUST-0187,30000,INR,net_banking,failed,gateway_timeout,operational,4,15,1468,2,2026-01-30T21:48:00,True,RETRY_PAYMENT,False,0
TXN-00440,CUST-0192,500,INR,debit_card,failed,invalid_payment_method,operational,5,9,1122,0,2026-01-24T18:08:00,False,ESCALATE_TO_HUMAN,False,0
TXN-00441,CUST-0313,15000,INR,debit_card,failed,temporary_gateway_failure,operational,5,13,220,2,2026-01-12T13:45:00,True,RETRY_PAYMENT,True,15000
TXN-00442,CUST-0024,500,INR,debit_card,failed,insufficient_funds,operational,5,10,221,2,2026-01-19T20:42:00,False,ESCALATE_TO_HUMAN,False,0
TXN-00443,CUST-0069,75000,INR,credit_card,failed,invalid_payment_method,operational,5,18,1959,1,2026-01-23T22:43:00,False,ESCALATE_TO_HUMAN,False,0
TXN-00444,CUST-0400,75000,INR,credit_card,failed,temporary_gateway_failure,operational,4,15,1894,0,2026-01-24T03:14:00,False,ESCALATE_TO_HUMAN,False,0
TXN-00445,CUST-0259,75000,INR,debit_card,failed,gateway_timeout,operational,3,19,1242,0,2026-01-15T15:32:00,False,ESCALATE_TO_HUMAN,False,0
TXN-00446,CUST-0071,30000,INR,debit_card,failed,insufficient_funds,operational,2,14,1649,4,2026-01-07T01:40:00,False,STOP,False,0
TXN-00447,CUST-0103,2500,INR,upi,failed,invalid_payment_method,operational,2,17,1296,1,2026-01-10T21:23:00,False,ESCALATE_TO_HUMAN,False,0
TXN-00448,CUST-0258,2500,INR,upi,failed,invalid_payment_method,operational,1,20,1998,3,2026-01-09T02:13:00,False,STOP,False,0
TXN-00449,CUST-0483,7500,INR,upi,failed,invalid_payment_method,operational,4,15,1194,2,2026-01-26T23:17:00,False,ESCALATE_TO_HUMAN,False,0
TXN-00450,CUST-0196,15000,INR,upi,failed,insufficient_funds,operational,0,16,219,0,2026-01-02T03:36:00,False,ESCALATE_TO_HUMAN,False,0
TXN-00451,CUST-0075,500,INR,credit_card,failed,invalid_payment_method,operational,1,9,1400,2,2026-01-12T09:40:00,False,ESCALATE_TO_HUMAN,False,0
TXN-00452,CUST-0445,30000,INR,upi,failed,invalid_payment_method,operational,2,14,210,1,2026-01-29T00:57:00,False,ESCALATE_TO_HUMAN,False,0
TXN-00453,CUST-0355,15000,INR,debit_card,failed,expired_card,operational,1,16,1607,1,2026-01-14T02:10:00,False,ESCALATE_TO_HUMAN,False,0
TXN-00454,CUST-0028,15000,INR,net_banking,failed,insufficient_funds,operational,5,10,1979,2,2026-01-26T03:04:00,False,ESCALATE_TO_HUMAN,False,0
TXN-00455,CUST-0361,500,INR,debit_card,failed,card_declined,operational,3,7,1867,2,2026-01-29T20:15:00,False,ESCALATE_TO_HUMAN,False,0
TXN-00456,CUST-0096,15000,INR,debit_card,failed,card_declined,operational,2,14,364,4,2026-01-04T09:20:00,False,STOP,False,0
TXN-00457,CUST-0300,75000,INR,credit_card,failed,invalid_payment_method,operational,4,8,267,0,2026-01-08T07:46:00,False,ESCALATE_TO_HUMAN,False,0
TXN-00458,CUST-0306,30000,INR,upi,failed,temporary_gateway_failure,operational,0,4,1902,4,2026-01-15T16:23:00,False,STOP,False,0
TXN-00459,CUST-0270,500,INR,upi,failed,invalid_payment_method,operational,2,2,1606,1,2026-01-15T11:11:00,False,ESCALATE_TO_HUMAN,False,0
TXN-00460,CUST-0179,2500,INR,credit_card,failed,gateway_timeout,operational,4,17,827,0,2026-01-05T04:25:00,True,RETRY_PAYMENT,True,2500
TXN-00461,CUST-0422,2500,INR,upi,failed,card_declined,operational,4,16,973,0,2026-01-26T13:07:00,False,ESCALATE_TO_HUMAN,False,0
TXN-00462,CUST-0125,15000,INR,credit_card,failed,invalid_payment_method,operational,1,20,1257,0,2026-01-29T06:26:00,False,ESCALATE_TO_HUMAN,False,0
TXN-00463,CUST-0371,75000,INR,upi,failed,invalid_payment_method,operational,0,12,526,2,2026-01-25T14:04:00,False,ESCALATE_TO_HUMAN,False,0
TXN-00464,CUST-0099,2500,INR,upi,failed,expired_card,operational,3,1,608,1,2026-01-30T15:38:00,False,ESCALATE_TO_HUMAN,False,0
TXN-00465,CUST-0034,2500,INR,credit_card,failed,temporary_gateway_failure,operational,4,17,16,4,2026-01-29T12:46:00,False,STOP,False,0
TXN-00466,CUST-0332,2500,INR,debit_card,failed,invalid_payment_method,operational,0,6,1102,0,2026-01-20T19:23:00,False,ESCALATE_TO_HUMAN,False,0
TXN-00467,CUST-0092,30000,INR,debit_card,failed,temporary_gateway_failure,operational,0,2,151,2,2026-01-03T11:16:00,True,RETRY_PAYMENT,True,30000
TXN-00468,CUST-0162,7500,INR,debit_card,failed,expired_card,degraded,3,20,829,0,2026-01-20T16:58:00,False,ESCALATE_TO_HUMAN,False,0
TXN-00469,CUST-0024,500,INR,credit_card,failed,invalid_payment_method,operational,4,2,1549,1,2026-01-27T15:38:00,False,ESCALATE_TO_HUMAN,False,0
TXN-00470,CUST-0145,15000,INR,upi,failed,temporary_gateway_failure,degraded,5,9,1243,0,2026-01-04T22:29:00,False,ESCALATE_TO_HUMAN,False,0
TXN-00471,CUST-0070,15000,INR,net_banking,failed,insufficient_funds,operational,3,5,1093,1,2026-01-11T00:09:00,False,ESCALATE_TO_HUMAN,False,0
TXN-00472,CUST-0284,15000,INR,upi,failed,expired_card,degraded,5,20,765,0,2026-01-01T12:10:00,False,ESCALATE_TO_HUMAN,False,0
TXN-00473,CUST-0157,30000,INR,credit_card,failed,gateway_timeout,operational,3,17,1122,1,2026-01-04T20:58:00,True,RETRY_PAYMENT,True,30000
TXN-00474,CUST-0114,15000,INR,upi,failed,invalid_payment_method,operational,4,4,330,3,2026-01-09T08:58:00,False,STOP,False,0
TXN-00475,CUST-0237,7500,INR,debit_card,failed,card_declined,operational,4,1,1744,1,2026-01-25T23:29:00,False,ESCALATE_TO_HUMAN,False,0
TXN-00476,CUST-0183,7500,INR,upi,failed,temporary_gateway_failure,operational,1,18,998,0,2026-01-16T01:22:00,True,RETRY_PAYMENT,True,7500
TXN-00477,CUST-0316,15000,INR,upi,failed,temporary_gateway_failure,operational,2,15,923,3,2026-01-15T22:38:00,False,STOP,False,0
TXN-00478,CUST-0161,15000,INR,debit_card,failed,invalid_payment_method,operational,2,13,346,0,2026-01-01T05:16:00,False,ESCALATE_TO_HUMAN,False,0
TXN-00479,CUST-0237,2500,INR,net_banking,failed,gateway_timeout,operational,5,10,1798,0,2026-01-22T20:14:00,True,RETRY_PAYMENT,True,2500
TXN-00480,CUST-0101,15000,INR,credit_card,failed,insufficient_funds,operational,2,4,1826,1,2026-01-25T12:18:00,False,ESCALATE_TO_HUMAN,False,0
TXN-00481,CUST-0297,2500,INR,credit_card,failed,invalid_payment_method,operational,4,20,64,3,2026-01-27T11:34:00,False,STOP,False,0
TXN-00482,CUST-0397,2500,INR,debit_card,failed,expired_card,degraded,4,17,967,1,2026-01-30T18:14:00,False,ESCALATE_TO_HUMAN,False,0
TXN-00483,CUST-0262,500,INR,debit_card,failed,insufficient_funds,operational,2,4,952,1,2026-01-23T19:21:00,False,ESCALATE_TO_HUMAN,False,0
TXN-00484,CUST-0072,500,INR,credit_card,failed,card_declined,operational,4,5,1551,2,2026-01-24T09:34:00,False,ESCALATE_TO_HUMAN,False,0
TXN-00485,CUST-0119,2500,INR,debit_card,failed,gateway_timeout,operational,2,1,449,1,2026-01-23T04:38:00,True,RETRY_PAYMENT,True,2500
TXN-00486,CUST-0452,2500,INR,debit_card,failed,temporary_gateway_failure,operational,3,15,1880,2,2026-01-21T16:35:00,True,RETRY_PAYMENT,True,2500
TXN-00487,CUST-0292,150000,INR,credit_card,failed,card_declined,operational,2,8,1186,1,2026-01-25T18:34:00,False,ESCALATE_TO_HUMAN,False,0
TXN-00488,CUST-0499,500,INR,net_banking,failed,invalid_payment_method,operational,0,16,516,1,2026-01-18T03:03:00,False,ESCALATE_TO_HUMAN,False,0
TXN-00489,CUST-0004,75000,INR,net_banking,failed,expired_card,operational,3,15,1817,3,2026-01-28T11:57:00,False,STOP,False,0
TXN-00490,CUST-0096,7500,INR,net_banking,failed,gateway_timeout,operational,5,8,434,0,2026-01-07T20:06:00,True,RETRY_PAYMENT,True,7500
TXN-00491,CUST-0246,7500,INR,debit_card,failed,temporary_gateway_failure,operational,0,15,1383,0,2026-01-22T18:59:00,True,RETRY_PAYMENT,True,7500
TXN-00492,CUST-0263,500,INR,credit_card,failed,insufficient_funds,operational,4,5,276,0,2026-01-29T15:37:00,False,ESCALATE_TO_HUMAN,False,0
TXN-00493,CUST-0307,500,INR,debit_card,failed,expired_card,operational,1,16,1963,0,2026-01-19T10:51:00,False,ESCALATE_TO_HUMAN,False,0
TXN-00494,CUST-0311,75000,INR,credit_card,failed,invalid_payment_method,operational,2,2,444,2,2026-01-21T10:38:00,False,ESCALATE_TO_HUMAN,False,0
TXN-00495,CUST-0320,150000,INR,debit_card,failed,insufficient_funds,operational,1,18,1681,0,2026-01-09T06:39:00,False,ESCALATE_TO_HUMAN,False,0
TXN-00496,CUST-0118,15000,INR,debit_card,failed,card_declined,operational,3,19,1210,0,2026-01-04T03:11:00,False,ESCALATE_TO_HUMAN,False,0
TXN-00497,CUST-0311,2500,INR,credit_card,failed,gateway_timeout,operational,4,13,1693,1,2026-01-07T19:21:00,True,RETRY_PAYMENT,True,2500
TXN-00498,CUST-0462,7500,INR,credit_card,failed,expired_card,operational,0,2,988,1,2026-01-06T22:21:00,False,ESCALATE_TO_HUMAN,False,0
TXN-00499,CUST-0481,7500,INR,net_banking,failed,temporary_gateway_failure,operational,0,16,879,0,2026-01-11T10:39:00,True,RETRY_PAYMENT,False,0
TXN-00500,CUST-0069,15000,INR,upi,failed,insufficient_funds,operational,5,18,201,2,2026-01-20T08:44:00,False,ESCALATE_TO_HUMAN,False,0
TXN-00501,CUST-0364,2500,INR,credit_card,failed,gateway_timeout,operational,3,8,388,3,2026-01-01T05:58:00,False,STOP,False,0
TXN-00502,CUST-0055,15000,INR,credit_card,failed,temporary_gateway_failure,operational,1,10,838,0,2026-01-17T11:41:00,True,RETRY_PAYMENT,True,15000
TXN-00503,CUST-0387,15000,INR,upi,failed,card_declined,operational,2,19,565,0,2026-01-19T02:07:00,False,ESCALATE_TO_HUMAN,False,0
TXN-00504,CUST-0177,2500,INR,net_banking,failed,expired_card,operational,3,8,629,1,2026-01-27T06:56:00,False,ESCALATE_TO_HUMAN,False,0
TXN-00505,CUST-0052,15000,INR,debit_card,failed,insufficient_funds,operational,5,7,915,1,2026-01-08T08:43:00,False,ESCALATE_TO_HUMAN,False,0
TXN-00506,CUST-0494,2500,INR,upi,failed,insufficient_funds,operational,5,1,330,1,2026-01-18T17:00:00,False,ESCALATE_TO_HUMAN,False,0
TXN-00507,CUST-0190,7500,INR,debit_card,failed,temporary_gateway_failure,operational,0,2,539,1,2026-01-11T02:13:00,True,RETRY_PAYMENT,True,7500
TXN-00508,CUST-0328,500,INR,net_banking,failed,insufficient_funds,operational,5,19,118,1,2026-01-08T23:26:00,False,ESCALATE_TO_HUMAN,False,0
TXN-00509,CUST-0402,7500,INR,debit_card,failed,temporary_gateway_failure,operational,4,9,399,4,2026-01-02T12:42:00,False,STOP,False,0
TXN-00510,CUST-0500,7500,INR,debit_card,failed,expired_card,operational,2,7,1342,1,2026-01-01T00:18:00,False,ESCALATE_TO_HUMAN,False,0
TXN-00511,CUST-0378,500,INR,net_banking,failed,card_declined,operational,4,6,1061,0,2026-01-01T16:47:00,False,ESCALATE_TO_HUMAN,False,0
TXN-00512,CUST-0116,15000,INR,upi,failed,temporary_gateway_failure,operational,4,11,712,1,2026-01-13T14:01:00,True,RETRY_PAYMENT,True,15000
TXN-00513,CUST-0151,500,INR,credit_card,failed,insufficient_funds,operational,0,17,149,0,2026-01-23T21:35:00,False,ESCALATE_TO_HUMAN,False,0
TXN-00514,CUST-0495,2500,INR,upi,failed,temporary_gateway_failure,operational,4,8,1422,2,2026-01-21T03:37:00,True,RETRY_PAYMENT,True,2500
TXN-00515,CUST-0247,7500,INR,upi,failed,gateway_timeout,degraded,3,18,1766,1,2026-01-02T05:52:00,False,ESCALATE_TO_HUMAN,False,0
TXN-00516,CUST-0212,500,INR,net_banking,failed,temporary_gateway_failure,operational,5,7,1639,5,2026-01-15T08:51:00,False,STOP,False,0
TXN-00517,CUST-0039,75000,INR,credit_card,failed,expired_card,operational,2,2,818,0,2026-01-16T13:32:00,False,ESCALATE_TO_HUMAN,False,0
TXN-00518,CUST-0256,7500,INR,net_banking,failed,gateway_timeout,operational,4,8,375,0,2026-01-09T15:42:00,True,RETRY_PAYMENT,False,0
TXN-00519,CUST-0399,2500,INR,upi,failed,gateway_timeout,operational,1,19,730,0,2026-01-08T02:23:00,True,RETRY_PAYMENT,True,2500
TXN-00520,CUST-0191,75000,INR,net_banking,failed,invalid_payment_method,operational,4,1,1737,2,2026-01-22T22:47:00,False,ESCALATE_TO_HUMAN,False,0
TXN-00521,CUST-0385,7500,INR,upi,failed,insufficient_funds,operational,4,8,815,5,2026-01-11T02:35:00,False,STOP,False,0
TXN-00522,CUST-0235,7500,INR,net_banking,failed,temporary_gateway_failure,operational,4,11,807,1,2026-01-08T22:55:00,True,RETRY_PAYMENT,False,0
TXN-00523,CUST-0167,15000,INR,upi,failed,insufficient_funds,operational,1,12,1190,0,2026-01-05T14:02:00,False,ESCALATE_TO_HUMAN,False,0
TXN-00524,CUST-0095,2500,INR,debit_card,failed,card_declined,operational,3,19,703,0,2026-01-17T15:41:00,False,ESCALATE_TO_HUMAN,False,0
TXN-00525,CUST-0293,7500,INR,net_banking,failed,gateway_timeout,operational,3,8,924,0,2026-01-09T04:29:00,True,RETRY_PAYMENT,True,7500
TXN-00526,CUST-0101,7500,INR,credit_card,failed,gateway_timeout,operational,4,13,1754,2,2026-01-18T08:01:00,True,RETRY_PAYMENT,True,7500
TXN-00527,CUST-0265,75000,INR,net_banking,failed,gateway_timeout,operational,3,4,1830,0,2026-01-29T16:50:00,False,ESCALATE_TO_HUMAN,False,0
TXN-00528,CUST-0354,7500,INR,net_banking,failed,card_declined,operational,4,1,816,1,2026-01-05T12:06:00,False,ESCALATE_TO_HUMAN,False,0
TXN-00529,CUST-0185,500,INR,upi,failed,gateway_timeout,operational,3,10,533,1,2026-01-17T10:16:00,True,RETRY_PAYMENT,True,500
TXN-00530,CUST-0295,75000,INR,upi,failed,card_declined,operational,5,19,408,0,2026-01-27T06:04:00,False,ESCALATE_TO_HUMAN,False,0
TXN-00531,CUST-0456,7500,INR,debit_card,failed,expired_card,degraded,2,16,999,0,2026-01-21T08:10:00,False,ESCALATE_TO_HUMAN,False,0
TXN-00532,CUST-0216,500,INR,upi,failed,expired_card,operational,1,20,1655,4,2026-01-16T08:31:00,False,STOP,False,0
TXN-00533,CUST-0163,7500,INR,net_banking,failed,expired_card,operational,1,10,468,0,2026-01-15T06:24:00,False,ESCALATE_TO_HUMAN,False,0
TXN-00534,CUST-0267,15000,INR,upi,failed,invalid_payment_method,operational,3,11,1532,0,2026-01-27T17:04:00,False,ESCALATE_TO_HUMAN,False,0
TXN-00535,CUST-0482,75000,INR,debit_card,failed,insufficient_funds,operational,5,7,1356,0,2026-01-12T10:51:00,False,ESCALATE_TO_HUMAN,False,0
TXN-00536,CUST-0281,15000,INR,credit_card,failed,invalid_payment_method,operational,0,2,1919,0,2026-01-22T12:50:00,False,ESCALATE_TO_HUMAN,False,0
TXN-00537,CUST-0159,500,INR,credit_card,failed,insufficient_funds,operational,0,20,1908,1,2026-01-18T17:48:00,False,ESCALATE_TO_HUMAN,False,0
TXN-00538,CUST-0340,2500,INR,upi,failed,invalid_payment_method,operational,4,5,59,0,2026-01-02T14:23:00,False,ESCALATE_TO_HUMAN,False,0
TXN-00539,CUST-0497,2500,INR,net_banking,failed,card_declined,operational,2,17,912,3,2026-01-07T03:34:00,False,STOP,False,0
TXN-00540,CUST-0223,75000,INR,debit_card,failed,expired_card,operational,5,20,1797,1,2026-01-26T16:01:00,False,ESCALATE_TO_HUMAN,False,0
TXN-00541,CUST-0188,7500,INR,upi,failed,invalid_payment_method,degraded,1,2,905,1,2026-01-15T00:16:00,False,ESCALATE_TO_HUMAN,False,0
TXN-00542,CUST-0274,2500,INR,upi,failed,gateway_timeout,operational,1,11,588,1,2026-01-22T08:29:00,True,RETRY_PAYMENT,True,2500
TXN-00543,CUST-0281,75000,INR,upi,failed,insufficient_funds,operational,2,19,474,0,2026-01-01T07:53:00,False,ESCALATE_TO_HUMAN,False,0
TXN-00544,CUST-0113,2500,INR,net_banking,failed,insufficient_funds,operational,5,20,799,0,2026-01-18T05:16:00,False,ESCALATE_TO_HUMAN,False,0
TXN-00545,CUST-0381,2500,INR,debit_card,failed,insufficient_funds,operational,4,8,584,2,2026-01-30T12:17:00,False,ESCALATE_TO_HUMAN,False,0
TXN-00546,CUST-0234,7500,INR,net_banking,failed,card_declined,operational,1,9,227,0,2026-01-29T23:39:00,False,ESCALATE_TO_HUMAN,False,0
TXN-00547,CUST-0498,7500,INR,net_banking,failed,card_declined,operational,0,17,46,0,2026-01-09T11:05:00,False,ESCALATE_TO_HUMAN,False,0
TXN-00548,CUST-0253,500,INR,debit_card,failed,card_declined,operational,1,2,309,2,2026-01-01T16:05:00,False,ESCALATE_TO_HUMAN,False,0
TXN-00549,CUST-0170,2500,INR,upi,failed,insufficient_funds,operational,2,14,1428,1,2026-01-02T10:39:00,False,ESCALATE_TO_HUMAN,False,0
TXN-00550,CUST-0459,500,INR,credit_card,failed,gateway_timeout,operational,4,15,372,0,2026-01-09T17:55:00,True,RETRY_PAYMENT,False,0
TXN-00551,CUST-0102,30000,INR,credit_card,failed,temporary_gateway_failure,degraded,3,14,507,2,2026-01-02T12:36:00,False,ESCALATE_TO_HUMAN,False,0
TXN-00552,CUST-0373,7500,INR,debit_card,failed,temporary_gateway_failure,operational,2,10,325,1,2026-01-29T15:12:00,True,RETRY_PAYMENT,True,7500
TXN-00553,CUST-0443,75000,INR,credit_card,failed,expired_card,operational,1,11,1818,1,2026-01-03T08:53:00,False,ESCALATE_TO_HUMAN,False,0
TXN-00554,CUST-0203,15000,INR,debit_card,failed,temporary_gateway_failure,operational,1,8,1198,0,2026-01-06T10:41:00,True,RETRY_PAYMENT,True,15000
TXN-00555,CUST-0047,500,INR,net_banking,failed,temporary_gateway_failure,operational,0,7,323,0,2026-01-23T18:02:00,True,RETRY_PAYMENT,True,500
TXN-00556,CUST-0065,2500,INR,credit_card,failed,invalid_payment_method,operational,5,17,1621,1,2026-01-05T21:18:00,False,ESCALATE_TO_HUMAN,False,0
TXN-00557,CUST-0184,7500,INR,upi,failed,card_declined,operational,1,0,1412,0,2026-01-18T04:37:00,False,ESCALATE_TO_HUMAN,False,0
TXN-00558,CUST-0098,15000,INR,credit_card,failed,card_declined,operational,2,17,1428,0,2026-01-23T07:18:00,False,ESCALATE_TO_HUMAN,False,0
TXN-00559,CUST-0272,7500,INR,upi,failed,expired_card,operational,4,17,329,1,2026-01-04T03:13:00,False,ESCALATE_TO_HUMAN,False,0
TXN-00560,CUST-0453,500,INR,upi,failed,card_declined,operational,5,16,777,1,2026-01-09T10:39:00,False,ESCALATE_TO_HUMAN,False,0
TXN-00561,CUST-0350,500,INR,debit_card,failed,card_declined,operational,4,12,389,0,2026-01-24T20:25:00,False,ESCALATE_TO_HUMAN,False,0
TXN-00562,CUST-0268,7500,INR,debit_card,failed,expired_card,operational,5,10,227,0,2026-01-05T09:08:00,False,ESCALATE_TO_HUMAN,False,0
TXN-00563,CUST-0017,15000,INR,debit_card,failed,temporary_gateway_failure,operational,0,15,393,0,2026-01-05T11:51:00,True,RETRY_PAYMENT,True,15000
TXN-00564,CUST-0311,30000,INR,net_banking,failed,invalid_payment_method,operational,2,1,751,2,2026-01-11T01:05:00,False,ESCALATE_TO_HUMAN,False,0
TXN-00565,CUST-0032,15000,INR,debit_card,failed,temporary_gateway_failure,operational,0,14,1641,3,2026-01-30T01:52:00,False,STOP,False,0
TXN-00566,CUST-0021,2500,INR,net_banking,failed,invalid_payment_method,operational,0,19,545,2,2026-01-25T01:49:00,False,ESCALATE_TO_HUMAN,False,0
TXN-00567,CUST-0273,15000,INR,credit_card,failed,card_declined,degraded,0,3,1486,4,2026-01-11T12:19:00,False,STOP,False,0
TXN-00568,CUST-0393,2500,INR,debit_card,failed,gateway_timeout,operational,4,17,851,4,2026-01-05T19:14:00,False,STOP,False,0
TXN-00569,CUST-0282,7500,INR,net_banking,failed,card_declined,operational,0,5,1623,0,2026-01-09T05:02:00,False,ESCALATE_TO_HUMAN,False,0
TXN-00570,CUST-0433,2500,INR,debit_card,failed,card_declined,operational,2,10,1127,1,2026-01-15T18:36:00,False,ESCALATE_TO_HUMAN,False,0
TXN-00571,CUST-0193,2500,INR,net_banking,failed,invalid_payment_method,operational,1,18,1118,0,2026-01-10T17:39:00,False,ESCALATE_TO_HUMAN,False,0
TXN-00572,CUST-0146,15000,INR,upi,failed,invalid_payment_method,operational,3,0,1488,1,2026-01-02T13:51:00,False,ESCALATE_TO_HUMAN,False,0
TXN-00573,CUST-0012,7500,INR,debit_card,failed,expired_card,down,2,7,440,0,2026-01-15T07:57:00,False,ESCALATE_TO_HUMAN,False,0
TXN-00574,CUST-0020,15000,INR,upi,failed,invalid_payment_method,degraded,4,18,317,1,2026-01-05T06:59:00,False,ESCALATE_TO_HUMAN,False,0
TXN-00575,CUST-0048,7500,INR,debit_card,failed,gateway_timeout,operational,1,7,525,3,2026-01-14T16:00:00,False,STOP,False,0
TXN-00576,CUST-0420,7500,INR,debit_card,failed,expired_card,operational,3,5,1000,2,2026-01-27T05:23:00,False,ESCALATE_TO_HUMAN,False,0
TXN-00577,CUST-0472,75000,INR,upi,failed,expired_card,operational,3,2,1598,2,2026-01-03T13:04:00,False,ESCALATE_TO_HUMAN,False,0
TXN-00578,CUST-0476,15000,INR,net_banking,failed,card_declined,operational,1,20,1740,3,2026-01-28T09:52:00,False,STOP,False,0
TXN-00579,CUST-0168,500,INR,net_banking,failed,invalid_payment_method,operational,2,17,1157,1,2026-01-07T19:22:00,False,ESCALATE_TO_HUMAN,False,0
TXN-00580,CUST-0295,7500,INR,debit_card,failed,gateway_timeout,operational,3,14,1542,2,2026-01-28T02:02:00,True,RETRY_PAYMENT,True,7500
TXN-00581,CUST-0281,2500,INR,net_banking,failed,card_declined,operational,3,18,1527,0,2026-01-03T05:51:00,False,ESCALATE_TO_HUMAN,False,0
TXN-00582,CUST-0102,2500,INR,net_banking,failed,temporary_gateway_failure,operational,1,4,985,2,2026-01-26T10:54:00,True,RETRY_PAYMENT,True,2500
TXN-00583,CUST-0046,15000,INR,debit_card,failed,gateway_timeout,operational,3,10,1403,0,2026-01-27T05:09:00,True,RETRY_PAYMENT,True,15000
TXN-00584,CUST-0087,2500,INR,upi,failed,card_declined,operational,5,0,1577,0,2026-01-14T20:56:00,False,ESCALATE_TO_HUMAN,False,0
TXN-00585,CUST-0080,150000,INR,net_banking,failed,expired_card,operational,1,6,1404,0,2026-01-18T00:18:00,False,ESCALATE_TO_HUMAN,False,0
TXN-00586,CUST-0008,15000,INR,credit_card,failed,temporary_gateway_failure,operational,4,4,1780,0,2026-01-14T02:13:00,True,RETRY_PAYMENT,True,15000
TXN-00587,CUST-0280,30000,INR,net_banking,failed,card_declined,operational,5,17,434,0,2026-01-10T06:36:00,False,ESCALATE_TO_HUMAN,False,0
TXN-00588,CUST-0464,7500,INR,net_banking,failed,card_declined,operational,5,0,772,5,2026-01-27T12:47:00,False,STOP,False,0
TXN-00589,CUST-0239,15000,INR,upi,failed,temporary_gateway_failure,operational,5,19,556,0,2026-01-03T09:58:00,True,RETRY_PAYMENT,True,15000
TXN-00590,CUST-0445,500,INR,upi,failed,insufficient_funds,operational,2,3,40,3,2026-01-14T07:28:00,False,STOP,False,0
TXN-00591,CUST-0249,30000,INR,debit_card,failed,insufficient_funds,degraded,5,3,1852,1,2026-01-15T08:33:00,False,ESCALATE_TO_HUMAN,False,0
TXN-00592,CUST-0021,30000,INR,credit_card,failed,expired_card,operational,3,17,1898,1,2026-01-01T23:28:00,False,ESCALATE_TO_HUMAN,False,0
TXN-00593,CUST-0182,2500,INR,upi,failed,expired_card,operational,1,0,711,0,2026-01-17T00:22:00,False,ESCALATE_TO_HUMAN,False,0
TXN-00594,CUST-0486,7500,INR,upi,failed,gateway_timeout,operational,3,0,1934,1,2026-01-26T06:08:00,True,RETRY_PAYMENT,True,7500
TXN-00595,CUST-0352,500,INR,debit_card,failed,insufficient_funds,operational,5,19,1788,0,2026-01-29T11:14:00,False,ESCALATE_TO_HUMAN,False,0
TXN-00596,CUST-0068,2500,INR,debit_card,failed,gateway_timeout,operational,4,10,920,0,2026-01-25T16:15:00,True,RETRY_PAYMENT,True,2500
TXN-00597,CUST-0221,500,INR,debit_card,failed,expired_card,operational,5,16,1863,0,2026-01-07T03:43:00,False,ESCALATE_TO_HUMAN,False,0
TXN-00598,CUST-0430,150000,INR,debit_card,failed,gateway_timeout,operational,5,3,378,1,2026-01-15T10:54:00,False,ESCALATE_TO_HUMAN,False,0
TXN-00599,CUST-0382,30000,INR,credit_card,failed,invalid_payment_method,operational,3,13,622,3,2026-01-21T03:52:00,False,STOP,False,0
TXN-00600,CUST-0316,75000,INR,upi,failed,invalid_payment_method,operational,1,5,54,0,2026-01-28T20:26:00,False,ESCALATE_TO_HUMAN,False,0
TXN-00601,CUST-0069,2500,INR,debit_card,failed,expired_card,operational,0,11,163,0,2026-01-22T16:34:00,False,ESCALATE_TO_HUMAN,False,0
TXN-00602,CUST-0084,7500,INR,net_banking,failed,expired_card,operational,3,15,971,0,2026-01-07T06:12:00,False,ESCALATE_TO_HUMAN,False,0
TXN-00603,CUST-0388,500,INR,net_banking,failed,temporary_gateway_failure,operational,2,13,456,0,2026-01-10T05:32:00,True,RETRY_PAYMENT,True,500
TXN-00604,CUST-0312,500,INR,net_banking,failed,insufficient_funds,operational,1,13,830,3,2026-01-02T21:41:00,False,STOP,False,0
TXN-00605,CUST-0329,15000,INR,upi,failed,insufficient_funds,operational,4,19,1099,4,2026-01-24T21:41:00,False,STOP,False,0
TXN-00606,CUST-0203,30000,INR,credit_card,failed,temporary_gateway_failure,operational,0,7,1063,2,2026-01-25T11:29:00,True,RETRY_PAYMENT,False,0
TXN-00607,CUST-0217,500,INR,credit_card,failed,insufficient_funds,operational,2,9,945,0,2026-01-08T13:50:00,False,ESCALATE_TO_HUMAN,False,0
TXN-00608,CUST-0399,2500,INR,debit_card,failed,temporary_gateway_failure,operational,0,16,232,1,2026-01-09T04:21:00,True,RETRY_PAYMENT,True,2500
TXN-00609,CUST-0460,30000,INR,debit_card,failed,expired_card,operational,0,5,930,0,2026-01-27T20:46:00,False,ESCALATE_TO_HUMAN,False,0
TXN-00610,CUST-0047,15000,INR,net_banking,failed,gateway_timeout,operational,5,5,1472,0,2026-01-06T14:56:00,True,RETRY_PAYMENT,True,15000
TXN-00611,CUST-0194,2500,INR,credit_card,failed,card_declined,operational,4,19,1946,0,2026-01-08T06:39:00,False,ESCALATE_TO_HUMAN,False,0
TXN-00612,CUST-0092,7500,INR,debit_card,failed,temporary_gateway_failure,degraded,5,4,333,1,2026-01-07T13:56:00,False,ESCALATE_TO_HUMAN,False,0
TXN-00613,CUST-0061,15000,INR,net_banking,failed,temporary_gateway_failure,operational,3,9,1283,2,2026-01-09T05:22:00,True,RETRY_PAYMENT,False,0
TXN-00614,CUST-0312,75000,INR,upi,failed,temporary_gateway_failure,operational,3,17,1654,1,2026-01-01T06:16:00,False,ESCALATE_TO_HUMAN,False,0
TXN-00615,CUST-0308,30000,INR,debit_card,failed,gateway_timeout,operational,3,14,163,1,2026-01-28T08:41:00,True,RETRY_PAYMENT,True,30000
TXN-00616,CUST-0438,30000,INR,debit_card,failed,card_declined,operational,5,11,76,0,2026-01-07T14:47:00,False,ESCALATE_TO_HUMAN,False,0
TXN-00617,CUST-0345,500,INR,upi,failed,expired_card,operational,0,13,366,0,2026-01-08T08:13:00,False,ESCALATE_TO_HUMAN,False,0
TXN-00618,CUST-0166,2500,INR,debit_card,failed,invalid_payment_method,degraded,2,1,191,2,2026-01-14T14:54:00,False,ESCALATE_TO_HUMAN,False,0
TXN-00619,CUST-0063,2500,INR,credit_card,failed,insufficient_funds,operational,0,9,965,2,2026-01-07T02:57:00,False,ESCALATE_TO_HUMAN,False,0
TXN-00620,CUST-0056,15000,INR,upi,failed,card_declined,operational,5,6,1254,1,2026-01-03T15:33:00,False,ESCALATE_TO_HUMAN,False,0
TXN-00621,CUST-0435,7500,INR,credit_card,failed,invalid_payment_method,operational,5,9,875,1,2026-01-28T17:01:00,False,ESCALATE_TO_HUMAN,False,0
TXN-00622,CUST-0255,2500,INR,upi,failed,expired_card,degraded,3,16,1494,1,2026-01-29T18:09:00,False,ESCALATE_TO_HUMAN,False,0
TXN-00623,CUST-0321,7500,INR,debit_card,failed,gateway_timeout,operational,0,3,50,4,2026-01-22T03:46:00,False,STOP,False,0
TXN-00624,CUST-0287,15000,INR,debit_card,failed,invalid_payment_method,operational,3,1,684,5,2026-01-16T21:54:00,False,STOP,False,0
TXN-00625,CUST-0260,30000,INR,credit_card,failed,gateway_timeout,operational,2,2,631,1,2026-01-14T15:59:00,True,RETRY_PAYMENT,True,30000
TXN-00626,CUST-0100,15000,INR,upi,failed,temporary_gateway_failure,operational,4,0,1705,2,2026-01-08T23:50:00,True,RETRY_PAYMENT,True,15000
TXN-00627,CUST-0322,2500,INR,net_banking,failed,invalid_payment_method,degraded,5,4,987,2,2026-01-08T01:43:00,False,ESCALATE_TO_HUMAN,False,0
TXN-00628,CUST-0154,7500,INR,upi,failed,expired_card,operational,5,1,1711,2,2026-01-24T17:09:00,False,ESCALATE_TO_HUMAN,False,0
TXN-00629,CUST-0034,7500,INR,upi,failed,invalid_payment_method,operational,4,10,1638,0,2026-01-17T02:13:00,False,ESCALATE_TO_HUMAN,False,0
TXN-00630,CUST-0200,75000,INR,credit_card,failed,card_declined,operational,4,5,1170,0,2026-01-28T13:34:00,False,ESCALATE_TO_HUMAN,False,0
TXN-00631,CUST-0255,500,INR,upi,failed,temporary_gateway_failure,operational,0,8,848,0,2026-01-04T22:48:00,True,RETRY_PAYMENT,False,0
TXN-00632,CUST-0468,2500,INR,debit_card,failed,card_declined,operational,2,1,1593,0,2026-01-10T04:44:00,False,ESCALATE_TO_HUMAN,False,0
TXN-00633,CUST-0376,500,INR,credit_card,failed,expired_card,operational,1,6,697,3,2026-01-23T00:04:00,False,STOP,False,0
TXN-00634,CUST-0236,30000,INR,upi,failed,card_declined,operational,4,4,421,3,2026-01-02T15:55:00,False,STOP,False,0
TXN-00635,CUST-0171,2500,INR,credit_card,failed,expired_card,operational,5,19,1786,4,2026-01-04T23:06:00,False,STOP,False,0
TXN-00636,CUST-0328,7500,INR,credit_card,failed,temporary_gateway_failure,operational,2,0,1183,1,2026-01-15T04:56:00,True,RETRY_PAYMENT,False,0
TXN-00637,CUST-0081,2500,INR,upi,failed,gateway_timeout,operational,3,3,559,0,2026-01-07T19:05:00,True,RETRY_PAYMENT,True,2500
TXN-00638,CUST-0294,500,INR,credit_card,failed,expired_card,operational,2,8,290,0,2026-01-13T21:24:00,False,ESCALATE_TO_HUMAN,False,0
TXN-00639,CUST-0242,2500,INR,upi,failed,temporary_gateway_failure,operational,3,1,267,0,2026-01-02T07:40:00,True,RETRY_PAYMENT,False,0
TXN-00640,CUST-0323,500,INR,credit_card,failed,insufficient_funds,operational,5,19,1826,0,2026-01-27T23:26:00,False,ESCALATE_TO_HUMAN,False,0
TXN-00641,CUST-0291,30000,INR,net_banking,failed,invalid_payment_method,operational,1,17,161,0,2026-01-22T04:39:00,False,ESCALATE_TO_HUMAN,False,0
TXN-00642,CUST-0486,500,INR,net_banking,failed,invalid_payment_method,operational,5,14,964,0,2026-01-11T13:04:00,False,ESCALATE_TO_HUMAN,False,0
TXN-00643,CUST-0233,2500,INR,upi,failed,expired_card,degraded,5,10,1616,0,2026-01-15T18:43:00,False,ESCALATE_TO_HUMAN,False,0
TXN-00644,CUST-0310,7500,INR,net_banking,failed,temporary_gateway_failure,operational,1,9,1573,1,2026-01-16T20:46:00,True,RETRY_PAYMENT,True,7500
TXN-00645,CUST-0303,7500,INR,credit_card,failed,insufficient_funds,operational,2,17,945,1,2026-01-19T05:47:00,False,ESCALATE_TO_HUMAN,False,0
TXN-00646,CUST-0417,2500,INR,debit_card,failed,expired_card,operational,3,2,698,4,2026-01-10T11:27:00,False,STOP,False,0
TXN-00647,CUST-0379,15000,INR,net_banking,failed,insufficient_funds,operational,5,7,355,0,2026-01-04T13:04:00,False,ESCALATE_TO_HUMAN,False,0
TXN-00648,CUST-0091,75000,INR,net_banking,failed,expired_card,operational,2,17,200,1,2026-01-21T06:17:00,False,ESCALATE_TO_HUMAN,False,0
TXN-00649,CUST-0331,2500,INR,credit_card,failed,insufficient_funds,operational,4,12,671,1,2026-01-23T11:54:00,False,ESCALATE_TO_HUMAN,False,0
TXN-00650,CUST-0339,15000,INR,debit_card,failed,temporary_gateway_failure,operational,5,0,1551,3,2026-01-07T16:15:00,False,STOP,False,0
TXN-00651,CUST-0154,500,INR,upi,failed,expired_card,operational,1,6,1396,1,2026-01-15T09:48:00,False,ESCALATE_TO_HUMAN,False,0
TXN-00652,CUST-0005,7500,INR,upi,failed,invalid_payment_method,degraded,5,11,183,4,2026-01-27T12:29:00,False,STOP,False,0
TXN-00653,CUST-0496,7500,INR,net_banking,failed,expired_card,operational,0,11,1846,3,2026-01-25T23:31:00,False,STOP,False,0
TXN-00654,CUST-0202,500,INR,upi,failed,invalid_payment_method,operational,0,7,885,0,2026-01-27T20:36:00,False,ESCALATE_TO_HUMAN,False,0
TXN-00655,CUST-0097,7500,INR,net_banking,failed,invalid_payment_method,operational,1,5,973,0,2026-01-07T07:54:00,False,ESCALATE_TO_HUMAN,False,0
TXN-00656,CUST-0037,7500,INR,net_banking,failed,card_declined,operational,5,4,276,5,2026-01-01T12:40:00,False,STOP,False,0
TXN-00657,CUST-0413,7500,INR,net_banking,failed,gateway_timeout,operational,1,2,282,4,2026-01-30T05:30:00,False,STOP,False,0
TXN-00658,CUST-0197,2500,INR,net_banking,failed,insufficient_funds,operational,3,17,1680,1,2026-01-21T11:34:00,False,ESCALATE_TO_HUMAN,False,0
TXN-00659,CUST-0138,2500,INR,net_banking,failed,gateway_timeout,operational,5,7,1459,1,2026-01-23T20:01:00,True,RETRY_PAYMENT,True,2500
TXN-00660,CUST-0247,7500,INR,credit_card,failed,card_declined,degraded,5,11,232,1,2026-01-27T09:48:00,False,ESCALATE_TO_HUMAN,False,0
TXN-00661,CUST-0268,75000,INR,debit_card,failed,temporary_gateway_failure,operational,2,14,1059,1,2026-01-04T13:27:00,False,ESCALATE_TO_HUMAN,False,0
TXN-00662,CUST-0277,30000,INR,debit_card,failed,temporary_gateway_failure,operational,5,2,1401,2,2026-01-29T20:09:00,True,RETRY_PAYMENT,True,30000
TXN-00663,CUST-0294,2500,INR,upi,failed,temporary_gateway_failure,operational,3,16,1856,0,2026-01-22T08:31:00,True,RETRY_PAYMENT,True,2500
TXN-00664,CUST-0134,2500,INR,upi,failed,card_declined,operational,4,9,1489,1,2026-01-26T15:43:00,False,ESCALATE_TO_HUMAN,False,0
TXN-00665,CUST-0249,500,INR,debit_card,failed,insufficient_funds,operational,2,19,56,1,2026-01-14T01:16:00,False,ESCALATE_TO_HUMAN,False,0
TXN-00666,CUST-0440,500,INR,credit_card,failed,expired_card,operational,1,19,576,0,2026-01-13T12:36:00,False,ESCALATE_TO_HUMAN,False,0
TXN-00667,CUST-0190,2500,INR,credit_card,failed,invalid_payment_method,operational,5,4,1350,3,2026-01-21T07:51:00,False,STOP,False,0
TXN-00668,CUST-0305,30000,INR,debit_card,failed,card_declined,operational,0,10,173,2,2026-01-07T14:27:00,False,ESCALATE_TO_HUMAN,False,0
TXN-00669,CUST-0372,75000,INR,net_banking,failed,gateway_timeout,operational,3,7,1354,0,2026-01-21T00:47:00,False,ESCALATE_TO_HUMAN,False,0
TXN-00670,CUST-0205,7500,INR,upi,failed,gateway_timeout,operational,0,1,344,0,2026-01-22T02:49:00,True,RETRY_PAYMENT,True,7500
TXN-00671,CUST-0446,7500,INR,debit_card,failed,expired_card,operational,3,8,298,2,2026-01-25T03:23:00,False,ESCALATE_TO_HUMAN,False,0
TXN-00672,CUST-0327,2500,INR,net_banking,failed,card_declined,operational,4,1,200,0,2026-01-25T04:18:00,False,ESCALATE_TO_HUMAN,False,0
TXN-00673,CUST-0201,2500,INR,upi,failed,insufficient_funds,operational,0,8,1341,0,2026-01-27T14:04:00,False,ESCALATE_TO_HUMAN,False,0
TXN-00674,CUST-0161,7500,INR,debit_card,failed,invalid_payment_method,operational,1,16,692,1,2026-01-09T04:31:00,False,ESCALATE_TO_HUMAN,False,0
TXN-00675,CUST-0180,7500,INR,credit_card,failed,invalid_payment_method,operational,0,16,213,0,2026-01-21T07:05:00,False,ESCALATE_TO_HUMAN,False,0
TXN-00676,CUST-0337,2500,INR,upi,failed,card_declined,operational,0,1,1923,0,2026-01-28T00:57:00,False,ESCALATE_TO_HUMAN,False,0
TXN-00677,CUST-0392,30000,INR,credit_card,failed,gateway_timeout,operational,4,4,770,0,2026-01-30T20:57:00,True,RETRY_PAYMENT,False,0
TXN-00678,CUST-0473,7500,INR,credit_card,failed,gateway_timeout,operational,3,2,1309,0,2026-01-21T15:16:00,True,RETRY_PAYMENT,False,0
TXN-00679,CUST-0171,15000,INR,upi,failed,invalid_payment_method,operational,2,1,784,2,2026-01-18T16:26:00,False,ESCALATE_TO_HUMAN,False,0
TXN-00680,CUST-0331,150000,INR,upi,failed,card_declined,operational,1,19,805,0,2026-01-09T02:54:00,False,ESCALATE_TO_HUMAN,False,0
TXN-00681,CUST-0038,7500,INR,net_banking,failed,gateway_timeout,operational,3,8,212,1,2026-01-02T14:04:00,True,RETRY_PAYMENT,True,7500
TXN-00682,CUST-0341,15000,INR,credit_card,failed,insufficient_funds,operational,5,0,1911,0,2026-01-02T17:19:00,False,ESCALATE_TO_HUMAN,False,0
TXN-00683,CUST-0207,2500,INR,upi,failed,gateway_timeout,degraded,4,15,980,1,2026-01-20T20:17:00,False,ESCALATE_TO_HUMAN,False,0
TXN-00684,CUST-0479,30000,INR,debit_card,failed,temporary_gateway_failure,operational,3,3,1162,4,2026-01-25T08:41:00,False,STOP,False,0
TXN-00685,CUST-0437,150000,INR,upi,failed,card_declined,operational,5,2,749,1,2026-01-25T07:57:00,False,ESCALATE_TO_HUMAN,False,0
TXN-00686,CUST-0496,75000,INR,net_banking,failed,temporary_gateway_failure,operational,1,5,1136,0,2026-01-02T18:57:00,False,ESCALATE_TO_HUMAN,False,0
TXN-00687,CUST-0454,2500,INR,upi,failed,gateway_timeout,operational,5,11,997,3,2026-01-04T20:41:00,False,STOP,False,0
TXN-00688,CUST-0200,7500,INR,debit_card,failed,invalid_payment_method,operational,5,18,489,0,2026-01-23T06:22:00,False,ESCALATE_TO_HUMAN,False,0
TXN-00689,CUST-0029,500,INR,upi,failed,expired_card,operational,3,0,76,4,2026-01-16T10:35:00,False,STOP,False,0
TXN-00690,CUST-0077,2500,INR,credit_card,failed,invalid_payment_method,operational,5,16,939,0,2026-01-25T10:04:00,False,ESCALATE_TO_HUMAN,False,0
TXN-00691,CUST-0024,15000,INR,credit_card,failed,gateway_timeout,operational,5,0,966,0,2026-01-29T03:25:00,True,RETRY_PAYMENT,True,15000
TXN-00692,CUST-0428,7500,INR,debit_card,failed,temporary_gateway_failure,operational,0,14,1252,3,2026-01-08T18:26:00,False,STOP,False,0
TXN-00693,CUST-0219,7500,INR,credit_card,failed,temporary_gateway_failure,operational,1,2,1648,2,2026-01-10T05:20:00,True,RETRY_PAYMENT,True,7500
TXN-00694,CUST-0429,30000,INR,net_banking,failed,invalid_payment_method,operational,4,17,282,4,2026-01-15T15:15:00,False,STOP,False,0
TXN-00695,CUST-0087,75000,INR,credit_card,failed,gateway_timeout,operational,0,8,290,0,2026-01-19T21:27:00,False,ESCALATE_TO_HUMAN,False,0
TXN-00696,CUST-0314,15000,INR,debit_card,failed,expired_card,operational,0,4,205,3,2026-01-29T18:31:00,False,STOP,False,0
TXN-00697,CUST-0362,2500,INR,credit_card,failed,gateway_timeout,operational,0,5,1897,0,2026-01-05T01:21:00,True,RETRY_PAYMENT,True,2500
TXN-00698,CUST-0211,30000,INR,net_banking,failed,insufficient_funds,operational,5,8,1072,0,2026-01-21T11:58:00,False,ESCALATE_TO_HUMAN,False,0
TXN-00699,CUST-0179,2500,INR,credit_card,failed,gateway_timeout,operational,4,2,1285,2,2026-01-14T16:59:00,True,RETRY_PAYMENT,True,2500
TXN-00700,CUST-0260,7500,INR,credit_card,failed,gateway_timeout,down,4,11,1767,4,2026-01-25T13:31:00,False,STOP,False,0
TXN-00701,CUST-0082,2500,INR,debit_card,failed,invalid_payment_method,operational,1,15,1019,0,2026-01-09T00:35:00,False,ESCALATE_TO_HUMAN,False,0
TXN-00702,CUST-0413,15000,INR,credit_card,failed,temporary_gateway_failure,operational,3,8,685,0,2026-01-29T01:43:00,True,RETRY_PAYMENT,False,0
TXN-00703,CUST-0037,7500,INR,credit_card,failed,temporary_gateway_failure,degraded,0,15,1055,0,2026-01-06T06:46:00,False,ESCALATE_TO_HUMAN,False,0
TXN-00704,CUST-0167,30000,INR,net_banking,failed,invalid_payment_method,operational,1,10,472,0,2026-01-06T00:17:00,False,ESCALATE_TO_HUMAN,False,0
TXN-00705,CUST-0249,2500,INR,net_banking,failed,gateway_timeout,operational,1,2,965,0,2026-01-27T15:04:00,True,RETRY_PAYMENT,True,2500
TXN-00706,CUST-0500,2500,INR,net_banking,failed,gateway_timeout,operational,3,6,1295,0,2026-01-17T07:40:00,True,RETRY_PAYMENT,True,2500
TXN-00707,CUST-0390,2500,INR,credit_card,failed,temporary_gateway_failure,operational,3,14,857,0,2026-01-08T18:59:00,True,RETRY_PAYMENT,True,2500
TXN-00708,CUST-0438,30000,INR,debit_card,failed,expired_card,operational,4,5,1184,1,2026-01-26T03:45:00,False,ESCALATE_TO_HUMAN,False,0
TXN-00709,CUST-0374,2500,INR,net_banking,failed,insufficient_funds,operational,3,14,572,0,2026-01-01T15:50:00,False,ESCALATE_TO_HUMAN,False,0
TXN-00710,CUST-0460,2500,INR,debit_card,failed,gateway_timeout,operational,4,4,1872,1,2026-01-27T02:38:00,True,RETRY_PAYMENT,True,2500
TXN-00711,CUST-0415,150000,INR,net_banking,failed,temporary_gateway_failure,operational,3,16,808,1,2026-01-22T19:29:00,False,ESCALATE_TO_HUMAN,False,0
TXN-00712,CUST-0068,15000,INR,net_banking,failed,temporary_gateway_failure,operational,0,13,1946,0,2026-01-10T22:07:00,True,RETRY_PAYMENT,True,15000
TXN-00713,CUST-0383,2500,INR,credit_card,failed,temporary_gateway_failure,operational,5,14,1758,0,2026-01-26T23:00:00,True,RETRY_PAYMENT,True,2500
TXN-00714,CUST-0001,150000,INR,debit_card,failed,insufficient_funds,operational,2,20,951,0,2026-01-29T19:50:00,False,ESCALATE_TO_HUMAN,False,0
TXN-00715,CUST-0358,30000,INR,net_banking,failed,temporary_gateway_failure,operational,0,9,873,0,2026-01-13T06:40:00,True,RETRY_PAYMENT,False,0
TXN-00716,CUST-0455,7500,INR,credit_card,failed,gateway_timeout,operational,0,16,1937,0,2026-01-17T13:34:00,True,RETRY_PAYMENT,True,7500
TXN-00717,CUST-0071,2500,INR,credit_card,failed,insufficient_funds,operational,4,2,1149,0,2026-01-10T07:36:00,False,ESCALATE_TO_HUMAN,False,0
TXN-00718,CUST-0165,150000,INR,credit_card,failed,gateway_timeout,operational,4,6,1543,2,2026-01-11T06:14:00,False,ESCALATE_TO_HUMAN,False,0
TXN-00719,CUST-0270,2500,INR,net_banking,failed,card_declined,operational,2,14,996,0,2026-01-23T19:43:00,False,ESCALATE_TO_HUMAN,False,0
TXN-00720,CUST-0045,30000,INR,upi,failed,insufficient_funds,operational,5,2,386,0,2026-01-21T20:07:00,False,ESCALATE_TO_HUMAN,False,0
TXN-00721,CUST-0255,500,INR,upi,failed,gateway_timeout,degraded,1,8,230,0,2026-01-07T17:36:00,False,ESCALATE_TO_HUMAN,False,0
TXN-00722,CUST-0216,500,INR,credit_card,failed,gateway_timeout,operational,4,4,971,4,2026-01-16T18:41:00,False,STOP,False,0
TXN-00723,CUST-0211,2500,INR,credit_card,failed,invalid_payment_method,operational,1,16,1321,0,2026-01-16T06:52:00,False,ESCALATE_TO_HUMAN,False,0
TXN-00724,CUST-0156,7500,INR,upi,failed,invalid_payment_method,operational,4,17,912,1,2026-01-21T20:15:00,False,ESCALATE_TO_HUMAN,False,0
TXN-00725,CUST-0076,7500,INR,debit_card,failed,card_declined,operational,2,9,1577,0,2026-01-03T03:41:00,False,ESCALATE_TO_HUMAN,False,0
TXN-00726,CUST-0430,2500,INR,debit_card,failed,insufficient_funds,operational,4,9,374,0,2026-01-08T23:32:00,False,ESCALATE_TO_HUMAN,False,0
TXN-00727,CUST-0134,15000,INR,debit_card,failed,invalid_payment_method,operational,2,18,260,0,2026-01-21T01:34:00,False,ESCALATE_TO_HUMAN,False,0
TXN-00728,CUST-0500,2500,INR,credit_card,failed,gateway_timeout,operational,1,11,919,4,2026-01-25T13:40:00,False,STOP,False,0
TXN-00729,CUST-0476,500,INR,credit_card,failed,card_declined,degraded,3,4,1942,0,2026-01-21T20:18:00,False,ESCALATE_TO_HUMAN,False,0
TXN-00730,CUST-0410,2500,INR,upi,failed,temporary_gateway_failure,operational,2,18,1366,0,2026-01-07T16:39:00,True,RETRY_PAYMENT,True,2500
TXN-00731,CUST-0060,75000,INR,upi,failed,insufficient_funds,operational,0,4,1389,2,2026-01-26T01:47:00,False,ESCALATE_TO_HUMAN,False,0
TXN-00732,CUST-0299,2500,INR,debit_card,failed,insufficient_funds,operational,0,19,1314,0,2026-01-09T21:09:00,False,ESCALATE_TO_HUMAN,False,0
TXN-00733,CUST-0202,7500,INR,debit_card,failed,card_declined,operational,3,2,1999,1,2026-01-24T07:00:00,False,ESCALATE_TO_HUMAN,False,0
TXN-00734,CUST-0191,500,INR,credit_card,failed,card_declined,degraded,1,13,758,0,2026-01-18T13:44:00,False,ESCALATE_TO_HUMAN,False,0
TXN-00735,CUST-0380,500,INR,upi,failed,card_declined,operational,4,2,442,0,2026-01-21T05:12:00,False,ESCALATE_TO_HUMAN,False,0
TXN-00736,CUST-0307,150000,INR,upi,failed,insufficient_funds,operational,3,13,286,2,2026-01-27T17:21:00,False,ESCALATE_TO_HUMAN,False,0
TXN-00737,CUST-0388,500,INR,upi,failed,gateway_timeout,operational,2,2,1912,3,2026-01-27T21:10:00,False,STOP,False,0
TXN-00738,CUST-0387,2500,INR,net_banking,failed,temporary_gateway_failure,operational,1,17,947,0,2026-01-26T20:18:00,True,RETRY_PAYMENT,False,0
TXN-00739,CUST-0287,500,INR,upi,failed,insufficient_funds,operational,2,18,623,0,2026-01-23T11:41:00,False,ESCALATE_TO_HUMAN,False,0
TXN-00740,CUST-0242,15000,INR,credit_card,failed,gateway_timeout,operational,2,20,1709,0,2026-01-29T23:17:00,True,RETRY_PAYMENT,True,15000
TXN-00741,CUST-0392,15000,INR,net_banking,failed,card_declined,operational,5,7,59,3,2026-01-06T10:22:00,False,STOP,False,0
TXN-00742,CUST-0499,2500,INR,upi,failed,temporary_gateway_failure,operational,2,20,1405,1,2026-01-22T15:57:00,True,RETRY_PAYMENT,True,2500
TXN-00743,CUST-0450,500,INR,credit_card,failed,expired_card,operational,0,4,655,0,2026-01-21T23:34:00,False,ESCALATE_TO_HUMAN,False,0
TXN-00744,CUST-0150,15000,INR,debit_card,failed,card_declined,operational,5,11,100,0,2026-01-14T04:36:00,False,ESCALATE_TO_HUMAN,False,0
TXN-00745,CUST-0279,7500,INR,debit_card,failed,temporary_gateway_failure,operational,0,19,1542,0,2026-01-08T14:33:00,True,RETRY_PAYMENT,True,7500
TXN-00746,CUST-0181,2500,INR,upi,failed,invalid_payment_method,operational,2,3,1095,1,2026-01-27T09:33:00,False,ESCALATE_TO_HUMAN,False,0
TXN-00747,CUST-0053,30000,INR,debit_card,failed,temporary_gateway_failure,operational,3,13,697,0,2026-01-08T10:04:00,True,RETRY_PAYMENT,True,30000
TXN-00748,CUST-0246,7500,INR,credit_card,failed,gateway_timeout,operational,0,4,1892,3,2026-01-01T18:58:00,False,STOP,False,0
TXN-00749,CUST-0089,2500,INR,upi,failed,invalid_payment_method,operational,4,16,1564,0,2026-01-16T13:36:00,False,ESCALATE_TO_HUMAN,False,0
TXN-00750,CUST-0108,15000,INR,credit_card,failed,temporary_gateway_failure,operational,1,7,630,3,2026-01-06T16:54:00,False,STOP,False,0
TXN-00751,CUST-0388,500,INR,net_banking,failed,temporary_gateway_failure,operational,0,0,1587,2,2026-01-23T00:56:00,True,RETRY_PAYMENT,True,500
TXN-00752,CUST-0387,500,INR,credit_card,failed,temporary_gateway_failure,operational,0,2,618,3,2026-01-01T11:13:00,False,STOP,False,0
TXN-00753,CUST-0075,500,INR,debit_card,failed,temporary_gateway_failure,operational,5,11,60,0,2026-01-05T03:09:00,True,RETRY_PAYMENT,False,0
TXN-00754,CUST-0292,75000,INR,upi,failed,expired_card,operational,5,19,496,3,2026-01-23T23:29:00,False,STOP,False,0
TXN-00755,CUST-0003,500,INR,credit_card,failed,expired_card,operational,2,5,1847,2,2026-01-25T10:41:00,False,ESCALATE_TO_HUMAN,False,0
TXN-00756,CUST-0095,150000,INR,debit_card,failed,temporary_gateway_failure,degraded,3,11,1430,3,2026-01-27T19:45:00,False,STOP,False,0
TXN-00757,CUST-0209,2500,INR,debit_card,failed,temporary_gateway_failure,operational,3,6,1054,5,2026-01-11T08:32:00,False,STOP,False,0
TXN-00758,CUST-0286,500,INR,credit_card,failed,card_declined,operational,3,11,1444,1,2026-01-14T02:52:00,False,ESCALATE_TO_HUMAN,False,0
TXN-00759,CUST-0352,15000,INR,upi,failed,temporary_gateway_failure,operational,3,19,1508,0,2026-01-15T04:47:00,True,RETRY_PAYMENT,False,0
TXN-00760,CUST-0481,2500,INR,net_banking,failed,expired_card,operational,1,2,1833,3,2026-01-22T15:33:00,False,STOP,False,0
TXN-00761,CUST-0338,15000,INR,credit_card,failed,gateway_timeout,down,0,12,898,1,2026-01-24T18:53:00,False,ESCALATE_TO_HUMAN,False,0
TXN-00762,CUST-0500,15000,INR,debit_card,failed,temporary_gateway_failure,operational,0,5,133,1,2026-01-17T13:16:00,True,RETRY_PAYMENT,True,15000
TXN-00763,CUST-0304,2500,INR,credit_card,failed,insufficient_funds,operational,3,8,1567,0,2026-01-27T11:36:00,False,ESCALATE_TO_HUMAN,False,0
TXN-00764,CUST-0076,2500,INR,net_banking,failed,invalid_payment_method,operational,3,15,1048,1,2026-01-13T16:37:00,False,ESCALATE_TO_HUMAN,False,0
TXN-00765,CUST-0378,15000,INR,credit_card,failed,temporary_gateway_failure,operational,5,4,61,1,2026-01-05T12:47:00,True,RETRY_PAYMENT,True,15000
TXN-00766,CUST-0319,500,INR,credit_card,failed,invalid_payment_method,degraded,5,10,313,0,2026-01-14T18:41:00,False,ESCALATE_TO_HUMAN,False,0
TXN-00767,CUST-0134,7500,INR,net_banking,failed,temporary_gateway_failure,operational,5,15,1005,0,2026-01-23T23:22:00,True,RETRY_PAYMENT,True,7500
TXN-00768,CUST-0162,30000,INR,credit_card,failed,expired_card,degraded,3,3,786,0,2026-01-21T11:38:00,False,ESCALATE_TO_HUMAN,False,0
TXN-00769,CUST-0252,30000,INR,net_banking,failed,insufficient_funds,operational,5,9,1812,0,2026-01-08T11:17:00,False,ESCALATE_TO_HUMAN,False,0
TXN-00770,CUST-0351,2500,INR,net_banking,failed,card_declined,operational,5,15,1352,0,2026-01-26T04:52:00,False,ESCALATE_TO_HUMAN,False,0
TXN-00771,CUST-0303,7500,INR,net_banking,failed,insufficient_funds,operational,0,12,540,0,2026-01-23T12:20:00,False,ESCALATE_TO_HUMAN,False,0
TXN-00772,CUST-0066,150000,INR,upi,failed,expired_card,operational,0,0,1210,0,2026-01-03T01:16:00,False,ESCALATE_TO_HUMAN,False,0
TXN-00773,CUST-0183,30000,INR,credit_card,failed,card_declined,operational,3,3,877,1,2026-01-16T16:59:00,False,ESCALATE_TO_HUMAN,False,0
TXN-00774,CUST-0445,2500,INR,debit_card,failed,temporary_gateway_failure,operational,4,2,1865,1,2026-01-03T23:32:00,True,RETRY_PAYMENT,True,2500
TXN-00775,CUST-0137,2500,INR,upi,failed,temporary_gateway_failure,operational,3,18,1055,1,2026-01-20T04:01:00,True,RETRY_PAYMENT,True,2500
TXN-00776,CUST-0052,7500,INR,upi,failed,temporary_gateway_failure,operational,4,3,1656,0,2026-01-23T05:25:00,True,RETRY_PAYMENT,True,7500
TXN-00777,CUST-0434,2500,INR,upi,failed,insufficient_funds,operational,3,6,1018,0,2026-01-29T22:04:00,False,ESCALATE_TO_HUMAN,False,0
TXN-00778,CUST-0320,150000,INR,debit_card,failed,temporary_gateway_failure,operational,4,12,1648,0,2026-01-11T06:43:00,False,ESCALATE_TO_HUMAN,False,0
TXN-00779,CUST-0108,15000,INR,credit_card,failed,temporary_gateway_failure,operational,4,16,974,0,2026-01-20T10:30:00,True,RETRY_PAYMENT,True,15000
TXN-00780,CUST-0320,500,INR,upi,failed,card_declined,operational,1,13,824,1,2026-01-12T10:26:00,False,ESCALATE_TO_HUMAN,False,0
TXN-00781,CUST-0110,7500,INR,debit_card,failed,invalid_payment_method,operational,4,5,1182,1,2026-01-23T17:15:00,False,ESCALATE_TO_HUMAN,False,0
TXN-00782,CUST-0373,15000,INR,net_banking,failed,invalid_payment_method,operational,4,13,1915,1,2026-01-26T18:21:00,False,ESCALATE_TO_HUMAN,False,0
TXN-00783,CUST-0211,7500,INR,debit_card,failed,expired_card,operational,1,9,1729,0,2026-01-20T19:33:00,False,ESCALATE_TO_HUMAN,False,0
TXN-00784,CUST-0352,2500,INR,debit_card,failed,temporary_gateway_failure,operational,2,20,329,0,2026-01-12T16:06:00,True,RETRY_PAYMENT,True,2500
TXN-00785,CUST-0224,2500,INR,debit_card,failed,temporary_gateway_failure,operational,2,14,995,0,2026-01-26T11:28:00,True,RETRY_PAYMENT,True,2500
TXN-00786,CUST-0437,75000,INR,debit_card,failed,gateway_timeout,operational,2,17,361,0,2026-01-30T07:44:00,False,ESCALATE_TO_HUMAN,False,0
TXN-00787,CUST-0444,500,INR,net_banking,failed,invalid_payment_method,operational,0,10,1233,0,2026-01-14T13:28:00,False,ESCALATE_TO_HUMAN,False,0
TXN-00788,CUST-0293,500,INR,upi,failed,insufficient_funds,operational,3,4,484,3,2026-01-06T02:15:00,False,STOP,False,0
TXN-00789,CUST-0169,15000,INR,upi,failed,temporary_gateway_failure,operational,4,3,1584,0,2026-01-15T06:19:00,True,RETRY_PAYMENT,False,0
TXN-00790,CUST-0226,15000,INR,debit_card,failed,invalid_payment_method,degraded,0,5,439,0,2026-01-13T11:52:00,False,ESCALATE_TO_HUMAN,False,0
TXN-00791,CUST-0244,2500,INR,credit_card,failed,expired_card,operational,0,10,1118,0,2026-01-20T06:52:00,False,ESCALATE_TO_HUMAN,False,0
TXN-00792,CUST-0018,15000,INR,debit_card,failed,card_declined,operational,2,0,1322,2,2026-01-28T13:42:00,False,ESCALATE_TO_HUMAN,False,0
TXN-00793,CUST-0159,30000,INR,credit_card,failed,invalid_payment_method,operational,1,8,1132,2,2026-01-18T12:11:00,False,ESCALATE_TO_HUMAN,False,0
TXN-00794,CUST-0199,7500,INR,upi,failed,invalid_payment_method,degraded,4,7,1757,1,2026-01-21T03:13:00,False,ESCALATE_TO_HUMAN,False,0
TXN-00795,CUST-0469,500,INR,upi,failed,insufficient_funds,operational,1,9,431,4,2026-01-08T07:00:00,False,STOP,False,0
TXN-00796,CUST-0475,2500,INR,net_banking,failed,card_declined,operational,0,15,965,0,2026-01-19T19:03:00,False,ESCALATE_TO_HUMAN,False,0
TXN-00797,CUST-0181,30000,INR,net_banking,failed,invalid_payment_method,operational,1,8,1037,2,2026-01-04T00:29:00,False,ESCALATE_TO_HUMAN,False,0
TXN-00798,CUST-0323,2500,INR,upi,failed,invalid_payment_method,operational,0,20,1314,0,2026-01-09T08:41:00,False,ESCALATE_TO_HUMAN,False,0
TXN-00799,CUST-0057,2500,INR,debit_card,failed,invalid_payment_method,operational,2,10,1180,0,2026-01-04T17:49:00,False,ESCALATE_TO_HUMAN,False,0
TXN-00800,CUST-0134,500,INR,debit_card,failed,expired_card,operational,2,14,980,1,2026-01-07T01:49:00,False,ESCALATE_TO_HUMAN,False,0
TXN-00801,CUST-0449,500,INR,upi,failed,expired_card,operational,3,11,373,0,2026-01-18T21:48:00,False,ESCALATE_TO_HUMAN,False,0
TXN-00802,CUST-0118,2500,INR,debit_card,failed,expired_card,operational,4,20,1254,0,2026-01-29T12:26:00,False,ESCALATE_TO_HUMAN,False,0
TXN-00803,CUST-0308,75000,INR,debit_card,failed,insufficient_funds,operational,0,12,1266,3,2026-01-20T12:28:00,False,STOP,False,0
TXN-00804,CUST-0424,2500,INR,upi,failed,temporary_gateway_failure,operational,0,16,892,1,2026-01-21T15:34:00,True,RETRY_PAYMENT,True,2500
TXN-00805,CUST-0196,500,INR,debit_card,failed,invalid_payment_method,operational,2,9,1529,3,2026-01-23T11:45:00,False,STOP,False,0
TXN-00806,CUST-0210,500,INR,debit_card,failed,gateway_timeout,down,5,6,857,0,2026-01-09T05:00:00,False,ESCALATE_TO_HUMAN,False,0
TXN-00807,CUST-0351,15000,INR,upi,failed,temporary_gateway_failure,degraded,3,7,758,0,2026-01-27T12:41:00,False,ESCALATE_TO_HUMAN,False,0
TXN-00808,CUST-0366,7500,INR,credit_card,failed,temporary_gateway_failure,operational,5,12,1407,3,2026-01-10T15:47:00,False,STOP,False,0
TXN-00809,CUST-0242,2500,INR,upi,failed,insufficient_funds,operational,0,10,1907,1,2026-01-11T16:30:00,False,ESCALATE_TO_HUMAN,False,0
TXN-00810,CUST-0068,75000,INR,credit_card,failed,expired_card,operational,3,9,809,1,2026-01-17T21:07:00,False,ESCALATE_TO_HUMAN,False,0
TXN-00811,CUST-0450,75000,INR,credit_card,failed,expired_card,operational,4,15,1906,0,2026-01-16T10:28:00,False,ESCALATE_TO_HUMAN,False,0
TXN-00812,CUST-0066,7500,INR,upi,failed,temporary_gateway_failure,operational,2,3,642,0,2026-01-03T00:14:00,True,RETRY_PAYMENT,True,7500
TXN-00813,CUST-0265,150000,INR,upi,failed,card_declined,degraded,2,19,1699,0,2026-01-13T00:05:00,False,ESCALATE_TO_HUMAN,False,0
TXN-00814,CUST-0326,2500,INR,upi,failed,gateway_timeout,operational,1,17,1748,1,2026-01-30T22:04:00,True,RETRY_PAYMENT,False,0
TXN-00815,CUST-0224,500,INR,credit_card,failed,gateway_timeout,operational,2,5,1446,0,2026-01-22T06:14:00,True,RETRY_PAYMENT,True,500
TXN-00816,CUST-0058,30000,INR,credit_card,failed,insufficient_funds,operational,4,15,938,5,2026-01-23T10:28:00,False,STOP,False,0
TXN-00817,CUST-0384,30000,INR,credit_card,failed,gateway_timeout,operational,2,5,1710,0,2026-01-08T15:49:00,True,RETRY_PAYMENT,True,30000
TXN-00818,CUST-0472,2500,INR,debit_card,failed,invalid_payment_method,operational,4,18,370,4,2026-01-19T22:50:00,False,STOP,False,0
TXN-00819,CUST-0303,500,INR,credit_card,failed,insufficient_funds,operational,5,3,808,0,2026-01-18T00:01:00,False,ESCALATE_TO_HUMAN,False,0
TXN-00820,CUST-0490,75000,INR,upi,failed,temporary_gateway_failure,operational,5,15,930,0,2026-01-29T14:19:00,False,ESCALATE_TO_HUMAN,False,0
TXN-00821,CUST-0067,2500,INR,credit_card,failed,invalid_payment_method,operational,4,14,666,0,2026-01-26T21:40:00,False,ESCALATE_TO_HUMAN,False,0
TXN-00822,CUST-0196,2500,INR,upi,failed,temporary_gateway_failure,operational,0,17,1950,0,2026-01-28T09:51:00,True,RETRY_PAYMENT,True,2500
TXN-00823,CUST-0146,2500,INR,net_banking,failed,gateway_timeout,operational,1,12,1597,3,2026-01-19T07:31:00,False,STOP,False,0
TXN-00824,CUST-0068,7500,INR,debit_card,failed,invalid_payment_method,operational,3,9,1851,1,2026-01-28T11:11:00,False,ESCALATE_TO_HUMAN,False,0
TXN-00825,CUST-0308,2500,INR,upi,failed,temporary_gateway_failure,operational,3,15,550,1,2026-01-26T15:00:00,True,RETRY_PAYMENT,True,2500
TXN-00826,CUST-0347,15000,INR,debit_card,failed,card_declined,operational,0,16,700,0,2026-01-22T02:17:00,False,ESCALATE_TO_HUMAN,False,0
TXN-00827,CUST-0240,2500,INR,debit_card,failed,invalid_payment_method,degraded,5,16,172,1,2026-01-14T05:31:00,False,ESCALATE_TO_HUMAN,False,0
TXN-00828,CUST-0152,2500,INR,upi,failed,insufficient_funds,operational,2,7,1072,0,2026-01-20T11:11:00,False,ESCALATE_TO_HUMAN,False,0
TXN-00829,CUST-0238,7500,INR,credit_card,failed,expired_card,degraded,4,13,846,1,2026-01-05T07:12:00,False,ESCALATE_TO_HUMAN,False,0
TXN-00830,CUST-0092,15000,INR,upi,failed,expired_card,operational,4,0,234,1,2026-01-22T01:35:00,False,ESCALATE_TO_HUMAN,False,0
TXN-00831,CUST-0388,15000,INR,credit_card,failed,insufficient_funds,operational,2,10,1203,3,2026-01-21T16:58:00,False,STOP,False,0
TXN-00832,CUST-0383,15000,INR,upi,failed,expired_card,operational,1,6,380,3,2026-01-04T13:26:00,False,STOP,False,0
TXN-00833,CUST-0336,150000,INR,credit_card,failed,card_declined,operational,3,3,28,0,2026-01-08T19:34:00,False,ESCALATE_TO_HUMAN,False,0
TXN-00834,CUST-0417,7500,INR,net_banking,failed,invalid_payment_method,operational,4,15,621,4,2026-01-29T03:33:00,False,STOP,False,0
TXN-00835,CUST-0418,150000,INR,net_banking,failed,card_declined,operational,1,0,391,0,2026-01-06T02:14:00,False,ESCALATE_TO_HUMAN,False,0
TXN-00836,CUST-0440,500,INR,credit_card,failed,gateway_timeout,operational,5,7,893,1,2026-01-29T11:49:00,True,RETRY_PAYMENT,False,0
TXN-00837,CUST-0379,500,INR,net_banking,failed,card_declined,operational,0,5,1849,0,2026-01-07T22:29:00,False,ESCALATE_TO_HUMAN,False,0
TXN-00838,CUST-0425,15000,INR,net_banking,failed,insufficient_funds,operational,1,6,604,0,2026-01-26T21:58:00,False,ESCALATE_TO_HUMAN,False,0
TXN-00839,CUST-0378,30000,INR,upi,failed,temporary_gateway_failure,operational,5,13,852,1,2026-01-23T13:26:00,True,RETRY_PAYMENT,True,30000
TXN-00840,CUST-0119,15000,INR,credit_card,failed,card_declined,operational,4,19,1916,1,2026-01-23T04:55:00,False,ESCALATE_TO_HUMAN,False,0
TXN-00841,CUST-0214,15000,INR,credit_card,failed,expired_card,operational,0,8,1829,0,2026-01-30T12:07:00,False,ESCALATE_TO_HUMAN,False,0
TXN-00842,CUST-0148,30000,INR,net_banking,failed,temporary_gateway_failure,operational,3,13,43,1,2026-01-08T08:13:00,True,RETRY_PAYMENT,True,30000
TXN-00843,CUST-0437,7500,INR,debit_card,failed,insufficient_funds,operational,5,10,1888,1,2026-01-28T09:39:00,False,ESCALATE_TO_HUMAN,False,0
TXN-00844,CUST-0427,30000,INR,net_banking,failed,invalid_payment_method,operational,5,12,1966,0,2026-01-19T23:19:00,False,ESCALATE_TO_HUMAN,False,0
TXN-00845,CUST-0354,75000,INR,upi,failed,invalid_payment_method,operational,1,19,425,2,2026-01-13T20:31:00,False,ESCALATE_TO_HUMAN,False,0
TXN-00846,CUST-0483,15000,INR,net_banking,failed,invalid_payment_method,operational,4,15,207,0,2026-01-19T22:21:00,False,ESCALATE_TO_HUMAN,False,0
TXN-00847,CUST-0183,150000,INR,debit_card,failed,card_declined,operational,0,11,1805,0,2026-01-12T20:52:00,False,ESCALATE_TO_HUMAN,False,0
TXN-00848,CUST-0288,15000,INR,credit_card,failed,gateway_timeout,operational,0,19,465,0,2026-01-06T11:49:00,True,RETRY_PAYMENT,True,15000
TXN-00849,CUST-0437,2500,INR,upi,failed,card_declined,operational,4,8,1836,2,2026-01-07T21:07:00,False,ESCALATE_TO_HUMAN,False,0
TXN-00850,CUST-0500,15000,INR,credit_card,failed,expired_card,operational,3,14,1972,3,2026-01-06T01:09:00,False,STOP,False,0
TXN-00851,CUST-0446,500,INR,credit_card,failed,expired_card,operational,0,5,1291,0,2026-01-06T08:57:00,False,ESCALATE_TO_HUMAN,False,0
TXN-00852,CUST-0079,2500,INR,debit_card,failed,card_declined,operational,4,15,1501,2,2026-01-05T12:27:00,False,ESCALATE_TO_HUMAN,False,0
TXN-00853,CUST-0175,7500,INR,debit_card,failed,card_declined,operational,3,0,503,0,2026-01-22T13:22:00,False,ESCALATE_TO_HUMAN,False,0
TXN-00854,CUST-0078,2500,INR,credit_card,failed,gateway_timeout,operational,3,11,1290,2,2026-01-12T04:05:00,True,RETRY_PAYMENT,False,0
TXN-00855,CUST-0407,7500,INR,debit_card,failed,gateway_timeout,operational,3,14,1950,0,2026-01-24T11:46:00,True,RETRY_PAYMENT,True,7500
TXN-00856,CUST-0162,75000,INR,debit_card,failed,insufficient_funds,operational,4,2,174,2,2026-01-16T09:31:00,False,ESCALATE_TO_HUMAN,False,0
TXN-00857,CUST-0030,2500,INR,net_banking,failed,gateway_timeout,operational,5,20,310,2,2026-01-27T03:34:00,True,RETRY_PAYMENT,False,0
TXN-00858,CUST-0370,150000,INR,upi,failed,invalid_payment_method,operational,5,17,1790,3,2026-01-14T20:24:00,False,STOP,False,0
TXN-00859,CUST-0229,15000,INR,credit_card,failed,card_declined,operational,4,4,1435,3,2026-01-19T09:12:00,False,STOP,False,0
TXN-00860,CUST-0452,7500,INR,net_banking,failed,expired_card,operational,5,12,1589,3,2026-01-09T23:29:00,False,STOP,False,0
TXN-00861,CUST-0110,2500,INR,upi,failed,temporary_gateway_failure,operational,1,16,1108,2,2026-01-13T22:07:00,True,RETRY_PAYMENT,True,2500
TXN-00862,CUST-0124,7500,INR,upi,failed,expired_card,operational,0,17,1214,0,2026-01-12T18:33:00,False,ESCALATE_TO_HUMAN,False,0
TXN-00863,CUST-0260,30000,INR,net_banking,failed,card_declined,down,0,11,532,0,2026-01-29T12:50:00,False,ESCALATE_TO_HUMAN,False,0
TXN-00864,CUST-0413,2500,INR,credit_card,failed,temporary_gateway_failure,operational,0,14,695,1,2026-01-11T17:52:00,True,RETRY_PAYMENT,True,2500
TXN-00865,CUST-0366,7500,INR,debit_card,failed,invalid_payment_method,operational,5,18,1378,0,2026-01-07T08:53:00,False,ESCALATE_TO_HUMAN,False,0
TXN-00866,CUST-0076,2500,INR,debit_card,failed,invalid_payment_method,operational,1,11,931,1,2026-01-05T11:01:00,False,ESCALATE_TO_HUMAN,False,0
TXN-00867,CUST-0040,15000,INR,credit_card,failed,insufficient_funds,operational,1,15,440,0,2026-01-21T07:19:00,False,ESCALATE_TO_HUMAN,False,0
TXN-00868,CUST-0326,2500,INR,net_banking,failed,expired_card,operational,3,8,1197,1,2026-01-23T16:51:00,False,ESCALATE_TO_HUMAN,False,0
TXN-00869,CUST-0249,2500,INR,net_banking,failed,insufficient_funds,operational,1,4,1036,0,2026-01-06T18:51:00,False,ESCALATE_TO_HUMAN,False,0
TXN-00870,CUST-0190,15000,INR,credit_card,failed,gateway_timeout,operational,0,5,1934,1,2026-01-26T10:36:00,True,RETRY_PAYMENT,False,0
TXN-00871,CUST-0191,500,INR,credit_card,failed,insufficient_funds,operational,0,16,314,1,2026-01-06T08:36:00,False,ESCALATE_TO_HUMAN,False,0
TXN-00872,CUST-0216,2500,INR,upi,failed,card_declined,operational,1,4,1606,0,2026-01-27T20:01:00,False,ESCALATE_TO_HUMAN,False,0
TXN-00873,CUST-0179,500,INR,upi,failed,card_declined,operational,3,0,251,2,2026-01-25T22:03:00,False,ESCALATE_TO_HUMAN,False,0
TXN-00874,CUST-0244,500,INR,net_banking,failed,temporary_gateway_failure,operational,3,10,1601,0,2026-01-18T04:07:00,True,RETRY_PAYMENT,False,0
TXN-00875,CUST-0046,30000,INR,debit_card,failed,gateway_timeout,operational,3,14,306,1,2026-01-15T19:13:00,True,RETRY_PAYMENT,False,0
TXN-00876,CUST-0377,15000,INR,net_banking,failed,insufficient_funds,operational,4,1,1963,0,2026-01-21T03:58:00,False,ESCALATE_TO_HUMAN,False,0
TXN-00877,CUST-0064,2500,INR,debit_card,failed,temporary_gateway_failure,operational,5,9,1150,1,2026-01-30T08:41:00,True,RETRY_PAYMENT,True,2500
TXN-00878,CUST-0062,500,INR,credit_card,failed,expired_card,degraded,3,16,1837,1,2026-01-01T20:23:00,False,ESCALATE_TO_HUMAN,False,0
TXN-00879,CUST-0228,15000,INR,debit_card,failed,expired_card,degraded,1,7,1700,0,2026-01-27T09:01:00,False,ESCALATE_TO_HUMAN,False,0
TXN-00880,CUST-0213,500,INR,upi,failed,expired_card,operational,0,10,896,0,2026-01-09T05:09:00,False,ESCALATE_TO_HUMAN,False,0
TXN-00881,CUST-0074,500,INR,upi,failed,expired_card,operational,0,17,345,0,2026-01-13T23:40:00,False,ESCALATE_TO_HUMAN,False,0
TXN-00882,CUST-0093,500,INR,debit_card,failed,temporary_gateway_failure,operational,1,1,1259,0,2026-01-15T19:18:00,True,RETRY_PAYMENT,True,500
TXN-00883,CUST-0027,500,INR,credit_card,failed,insufficient_funds,operational,2,8,770,0,2026-01-06T12:07:00,False,ESCALATE_TO_HUMAN,False,0
TXN-00884,CUST-0163,2500,INR,debit_card,failed,expired_card,operational,3,3,552,2,2026-01-03T18:13:00,False,ESCALATE_TO_HUMAN,False,0
TXN-00885,CUST-0494,7500,INR,credit_card,failed,insufficient_funds,operational,1,0,552,0,2026-01-26T05:11:00,False,ESCALATE_TO_HUMAN,False,0
TXN-00886,CUST-0229,7500,INR,debit_card,failed,temporary_gateway_failure,operational,1,9,1164,1,2026-01-19T12:16:00,True,RETRY_PAYMENT,True,7500
TXN-00887,CUST-0493,7500,INR,debit_card,failed,gateway_timeout,operational,1,17,1951,5,2026-01-20T06:51:00,False,STOP,False,0
TXN-00888,CUST-0001,75000,INR,credit_card,failed,insufficient_funds,operational,4,9,1338,1,2026-01-08T14:49:00,False,ESCALATE_TO_HUMAN,False,0
TXN-00889,CUST-0109,500,INR,upi,failed,insufficient_funds,operational,3,11,1726,2,2026-01-29T18:32:00,False,ESCALATE_TO_HUMAN,False,0
TXN-00890,CUST-0203,7500,INR,upi,failed,expired_card,operational,4,2,616,2,2026-01-05T01:59:00,False,ESCALATE_TO_HUMAN,False,0
TXN-00891,CUST-0326,15000,INR,upi,failed,gateway_timeout,operational,4,10,1811,0,2026-01-16T14:14:00,True,RETRY_PAYMENT,True,15000
TXN-00892,CUST-0169,15000,INR,upi,failed,insufficient_funds,operational,2,6,942,5,2026-01-28T06:49:00,False,STOP,False,0
TXN-00893,CUST-0345,500,INR,debit_card,failed,invalid_payment_method,operational,3,0,1847,0,2026-01-01T10:27:00,False,ESCALATE_TO_HUMAN,False,0
TXN-00894,CUST-0016,500,INR,net_banking,failed,expired_card,operational,5,20,159,1,2026-01-25T12:20:00,False,ESCALATE_TO_HUMAN,False,0
TXN-00895,CUST-0091,30000,INR,net_banking,failed,invalid_payment_method,operational,3,19,734,0,2026-01-18T14:26:00,False,ESCALATE_TO_HUMAN,False,0
TXN-00896,CUST-0381,30000,INR,credit_card,failed,invalid_payment_method,operational,1,14,20,0,2026-01-11T01:57:00,False,ESCALATE_TO_HUMAN,False,0
TXN-00897,CUST-0120,500,INR,upi,failed,card_declined,operational,5,9,1656,2,2026-01-11T01:33:00,False,ESCALATE_TO_HUMAN,False,0
TXN-00898,CUST-0101,150000,INR,credit_card,failed,card_declined,operational,5,19,429,3,2026-01-01T07:47:00,False,STOP,False,0
TXN-00899,CUST-0100,150000,INR,net_banking,failed,invalid_payment_method,operational,4,15,350,0,2026-01-26T02:41:00,False,ESCALATE_TO_HUMAN,False,0
TXN-00900,CUST-0439,15000,INR,debit_card,failed,expired_card,operational,0,4,532,0,2026-01-26T22:29:00,False,ESCALATE_TO_HUMAN,False,0
TXN-00901,CUST-0349,2500,INR,upi,failed,expired_card,operational,5,17,1259,1,2026-01-12T12:15:00,False,ESCALATE_TO_HUMAN,False,0
TXN-00902,CUST-0222,7500,INR,credit_card,failed,insufficient_funds,degraded,5,1,1749,1,2026-01-15T16:48:00,False,ESCALATE_TO_HUMAN,False,0
TXN-00903,CUST-0453,30000,INR,upi,failed,insufficient_funds,operational,3,11,1060,1,2026-01-02T23:28:00,False,ESCALATE_TO_HUMAN,False,0
TXN-00904,CUST-0172,15000,INR,upi,failed,temporary_gateway_failure,degraded,2,0,803,1,2026-01-09T20:33:00,False,ESCALATE_TO_HUMAN,False,0
TXN-00905,CUST-0470,500,INR,credit_card,failed,expired_card,down,5,13,1962,0,2026-01-04T09:18:00,False,ESCALATE_TO_HUMAN,False,0
TXN-00906,CUST-0414,2500,INR,upi,failed,gateway_timeout,operational,0,0,983,1,2026-01-20T15:48:00,True,RETRY_PAYMENT,True,2500
TXN-00907,CUST-0267,15000,INR,upi,failed,card_declined,operational,2,1,1683,1,2026-01-16T04:22:00,False,ESCALATE_TO_HUMAN,False,0
TXN-00908,CUST-0470,15000,INR,net_banking,failed,temporary_gateway_failure,operational,4,3,176,1,2026-01-03T18:17:00,True,RETRY_PAYMENT,True,15000
TXN-00909,CUST-0321,2500,INR,credit_card,failed,invalid_payment_method,operational,3,1,618,0,2026-01-28T19:05:00,False,ESCALATE_TO_HUMAN,False,0
TXN-00910,CUST-0386,2500,INR,credit_card,failed,temporary_gateway_failure,operational,3,12,197,0,2026-01-29T02:15:00,True,RETRY_PAYMENT,True,2500
TXN-00911,CUST-0174,30000,INR,credit_card,failed,invalid_payment_method,operational,3,19,1269,1,2026-01-05T14:37:00,False,ESCALATE_TO_HUMAN,False,0
TXN-00912,CUST-0305,15000,INR,credit_card,failed,invalid_payment_method,operational,1,3,211,0,2026-01-01T13:25:00,False,ESCALATE_TO_HUMAN,False,0
TXN-00913,CUST-0247,15000,INR,debit_card,failed,expired_card,degraded,4,8,728,0,2026-01-20T03:51:00,False,ESCALATE_TO_HUMAN,False,0
TXN-00914,CUST-0224,15000,INR,debit_card,failed,insufficient_funds,operational,0,4,639,2,2026-01-27T14:27:00,False,ESCALATE_TO_HUMAN,False,0
TXN-00915,CUST-0309,7500,INR,upi,failed,invalid_payment_method,operational,1,4,962,3,2026-01-15T01:09:00,False,STOP,False,0
TXN-00916,CUST-0420,2500,INR,credit_card,failed,card_declined,operational,1,1,487,1,2026-01-24T01:53:00,False,ESCALATE_TO_HUMAN,False,0
TXN-00917,CUST-0175,30000,INR,net_banking,failed,temporary_gateway_failure,operational,5,6,1609,4,2026-01-04T02:42:00,False,STOP,False,0
TXN-00918,CUST-0316,500,INR,net_banking,failed,insufficient_funds,operational,4,18,1973,0,2026-01-16T06:37:00,False,ESCALATE_TO_HUMAN,False,0
TXN-00919,CUST-0328,2500,INR,debit_card,failed,card_declined,operational,0,15,450,3,2026-01-01T04:02:00,False,STOP,False,0
TXN-00920,CUST-0106,2500,INR,net_banking,failed,gateway_timeout,operational,5,10,1654,0,2026-01-18T02:35:00,True,RETRY_PAYMENT,True,2500
TXN-00921,CUST-0226,30000,INR,upi,failed,temporary_gateway_failure,operational,4,3,292,0,2026-01-14T05:23:00,True,RETRY_PAYMENT,True,30000
TXN-00922,CUST-0369,7500,INR,credit_card,failed,card_declined,degraded,2,5,449,0,2026-01-12T22:10:00,False,ESCALATE_TO_HUMAN,False,0
TXN-00923,CUST-0195,500,INR,debit_card,failed,expired_card,operational,2,3,43,0,2026-01-07T05:54:00,False,ESCALATE_TO_HUMAN,False,0
TXN-00924,CUST-0339,15000,INR,upi,failed,temporary_gateway_failure,degraded,1,11,1658,0,2026-01-17T22:42:00,False,ESCALATE_TO_HUMAN,False,0
TXN-00925,CUST-0099,500,INR,net_banking,failed,expired_card,operational,1,4,1628,0,2026-01-09T15:08:00,False,ESCALATE_TO_HUMAN,False,0
TXN-00926,CUST-0391,7500,INR,upi,failed,invalid_payment_method,operational,5,7,1887,0,2026-01-03T02:27:00,False,ESCALATE_TO_HUMAN,False,0
TXN-00927,CUST-0447,7500,INR,upi,failed,gateway_timeout,operational,0,20,1630,0,2026-01-13T17:54:00,True,RETRY_PAYMENT,True,7500
TXN-00928,CUST-0261,7500,INR,net_banking,failed,expired_card,operational,3,19,133,0,2026-01-08T14:52:00,False,ESCALATE_TO_HUMAN,False,0
TXN-00929,CUST-0367,2500,INR,upi,failed,invalid_payment_method,operational,2,11,1077,1,2026-01-22T23:53:00,False,ESCALATE_TO_HUMAN,False,0
TXN-00930,CUST-0113,75000,INR,upi,failed,insufficient_funds,operational,4,20,75,1,2026-01-10T10:19:00,False,ESCALATE_TO_HUMAN,False,0
TXN-00931,CUST-0131,30000,INR,debit_card,failed,insufficient_funds,operational,3,18,322,0,2026-01-18T00:37:00,False,ESCALATE_TO_HUMAN,False,0
TXN-00932,CUST-0263,7500,INR,credit_card,failed,gateway_timeout,operational,1,18,85,1,2026-01-22T04:10:00,True,RETRY_PAYMENT,True,7500
TXN-00933,CUST-0092,2500,INR,net_banking,failed,insufficient_funds,operational,2,8,784,2,2026-01-02T02:59:00,False,ESCALATE_TO_HUMAN,False,0
TXN-00934,CUST-0041,2500,INR,credit_card,failed,card_declined,operational,4,16,1120,0,2026-01-30T07:02:00,False,ESCALATE_TO_HUMAN,False,0
TXN-00935,CUST-0346,15000,INR,credit_card,failed,gateway_timeout,operational,4,6,684,0,2026-01-09T22:47:00,True,RETRY_PAYMENT,True,15000
TXN-00936,CUST-0005,2500,INR,upi,failed,invalid_payment_method,operational,1,17,1869,1,2026-01-12T21:13:00,False,ESCALATE_TO_HUMAN,False,0
TXN-00937,CUST-0007,15000,INR,upi,failed,card_declined,operational,3,18,1552,0,2026-01-30T19:46:00,False,ESCALATE_TO_HUMAN,False,0
TXN-00938,CUST-0265,7500,INR,debit_card,failed,expired_card,operational,5,6,972,0,2026-01-11T15:17:00,False,ESCALATE_TO_HUMAN,False,0
TXN-00939,CUST-0220,7500,INR,net_banking,failed,expired_card,operational,0,10,1733,1,2026-01-09T13:10:00,False,ESCALATE_TO_HUMAN,False,0
TXN-00940,CUST-0296,15000,INR,net_banking,failed,invalid_payment_method,operational,4,0,768,0,2026-01-07T07:46:00,False,ESCALATE_TO_HUMAN,False,0
TXN-00941,CUST-0218,30000,INR,credit_card,failed,card_declined,operational,2,10,462,1,2026-01-20T01:49:00,False,ESCALATE_TO_HUMAN,False,0
TXN-00942,CUST-0291,15000,INR,upi,failed,insufficient_funds,operational,0,4,315,0,2026-01-16T00:43:00,False,ESCALATE_TO_HUMAN,False,0
TXN-00943,CUST-0097,7500,INR,net_banking,failed,expired_card,down,3,2,1095,0,2026-01-18T14:05:00,False,ESCALATE_TO_HUMAN,False,0
TXN-00944,CUST-0091,7500,INR,net_banking,failed,card_declined,operational,1,3,1383,0,2026-01-26T03:55:00,False,ESCALATE_TO_HUMAN,False,0
TXN-00945,CUST-0150,500,INR,net_banking,failed,invalid_payment_method,operational,3,9,422,0,2026-01-11T14:32:00,False,ESCALATE_TO_HUMAN,False,0
TXN-00946,CUST-0201,15000,INR,net_banking,failed,temporary_gateway_failure,operational,1,10,1761,1,2026-01-19T16:46:00,True,RETRY_PAYMENT,True,15000
TXN-00947,CUST-0159,500,INR,net_banking,failed,expired_card,operational,1,4,1783,0,2026-01-10T08:39:00,False,ESCALATE_TO_HUMAN,False,0
TXN-00948,CUST-0367,2500,INR,net_banking,failed,invalid_payment_method,operational,2,18,416,1,2026-01-23T20:50:00,False,ESCALATE_TO_HUMAN,False,0
TXN-00949,CUST-0270,15000,INR,debit_card,failed,card_declined,operational,0,12,1239,0,2026-01-12T05:36:00,False,ESCALATE_TO_HUMAN,False,0
TXN-00950,CUST-0452,2500,INR,net_banking,failed,expired_card,operational,5,2,590,1,2026-01-30T09:55:00,False,ESCALATE_TO_HUMAN,False,0
TXN-00951,CUST-0461,75000,INR,upi,failed,card_declined,operational,1,13,511,2,2026-01-09T04:08:00,False,ESCALATE_TO_HUMAN,False,0
TXN-00952,CUST-0358,7500,INR,net_banking,failed,insufficient_funds,operational,5,18,196,1,2026-01-18T21:51:00,False,ESCALATE_TO_HUMAN,False,0
TXN-00953,CUST-0466,75000,INR,debit_card,failed,gateway_timeout,operational,2,2,1430,1,2026-01-10T21:18:00,False,ESCALATE_TO_HUMAN,False,0
TXN-00954,CUST-0210,7500,INR,credit_card,failed,expired_card,down,0,16,1570,0,2026-01-15T20:05:00,False,ESCALATE_TO_HUMAN,False,0
TXN-00955,CUST-0196,7500,INR,debit_card,failed,card_declined,operational,0,20,1423,1,2026-01-22T00:31:00,False,ESCALATE_TO_HUMAN,False,0
TXN-00956,CUST-0249,2500,INR,debit_card,failed,insufficient_funds,operational,0,4,670,0,2026-01-22T03:04:00,False,ESCALATE_TO_HUMAN,False,0
TXN-00957,CUST-0088,7500,INR,debit_card,failed,temporary_gateway_failure,operational,3,8,1724,0,2026-01-08T08:15:00,True,RETRY_PAYMENT,False,0
TXN-00958,CUST-0347,7500,INR,upi,failed,gateway_timeout,operational,1,2,1376,2,2026-01-01T12:14:00,True,RETRY_PAYMENT,True,7500
TXN-00959,CUST-0429,2500,INR,debit_card,failed,gateway_timeout,operational,4,6,906,3,2026-01-03T04:09:00,False,STOP,False,0
TXN-00960,CUST-0396,7500,INR,credit_card,failed,expired_card,operational,0,19,10,0,2026-01-03T05:09:00,False,ESCALATE_TO_HUMAN,False,0
TXN-00961,CUST-0008,2500,INR,debit_card,failed,gateway_timeout,operational,0,0,864,0,2026-01-02T06:31:00,True,RETRY_PAYMENT,True,2500
TXN-00962,CUST-0023,500,INR,credit_card,failed,invalid_payment_method,operational,5,5,1483,3,2026-01-08T14:27:00,False,STOP,False,0
TXN-00963,CUST-0203,2500,INR,upi,failed,temporary_gateway_failure,operational,4,6,1914,1,2026-01-25T15:41:00,True,RETRY_PAYMENT,False,0
TXN-00964,CUST-0200,500,INR,credit_card,failed,gateway_timeout,operational,3,20,648,0,2026-01-01T13:05:00,True,RETRY_PAYMENT,True,500
TXN-00965,CUST-0393,2500,INR,upi,failed,invalid_payment_method,operational,0,6,842,0,2026-01-14T17:21:00,False,ESCALATE_TO_HUMAN,False,0
TXN-00966,CUST-0348,7500,INR,debit_card,failed,temporary_gateway_failure,operational,2,20,1427,0,2026-01-18T16:25:00,True,RETRY_PAYMENT,False,0
TXN-00967,CUST-0035,15000,INR,upi,failed,gateway_timeout,operational,5,10,1744,2,2026-01-22T22:36:00,True,RETRY_PAYMENT,True,15000
TXN-00968,CUST-0120,7500,INR,net_banking,failed,expired_card,operational,1,16,1204,1,2026-01-01T14:31:00,False,ESCALATE_TO_HUMAN,False,0
TXN-00969,CUST-0071,500,INR,upi,failed,temporary_gateway_failure,operational,1,19,163,0,2026-01-03T17:27:00,True,RETRY_PAYMENT,True,500
TXN-00970,CUST-0379,2500,INR,net_banking,failed,gateway_timeout,operational,5,19,1938,0,2026-01-21T04:40:00,True,RETRY_PAYMENT,False,0
TXN-00971,CUST-0118,500,INR,credit_card,failed,card_declined,operational,5,9,1538,4,2026-01-02T01:52:00,False,STOP,False,0
TXN-00972,CUST-0312,30000,INR,upi,failed,card_declined,operational,5,7,1642,1,2026-01-11T02:58:00,False,ESCALATE_TO_HUMAN,False,0
TXN-00973,CUST-0027,30000,INR,upi,failed,expired_card,operational,0,15,144,1,2026-01-09T18:13:00,False,ESCALATE_TO_HUMAN,False,0
TXN-00974,CUST-0041,7500,INR,debit_card,failed,gateway_timeout,operational,4,6,484,0,2026-01-24T02:14:00,True,RETRY_PAYMENT,True,7500
TXN-00975,CUST-0230,7500,INR,debit_card,failed,gateway_timeout,operational,1,9,585,0,2026-01-27T05:36:00,True,RETRY_PAYMENT,False,0
TXN-00976,CUST-0217,2500,INR,credit_card,failed,insufficient_funds,degraded,3,5,965,0,2026-01-21T02:06:00,False,ESCALATE_TO_HUMAN,False,0
TXN-00977,CUST-0219,7500,INR,net_banking,failed,invalid_payment_method,operational,3,0,1561,2,2026-01-18T08:36:00,False,ESCALATE_TO_HUMAN,False,0
TXN-00978,CUST-0146,30000,INR,debit_card,failed,card_declined,operational,3,14,627,0,2026-01-21T15:27:00,False,ESCALATE_TO_HUMAN,False,0
TXN-00979,CUST-0003,2500,INR,net_banking,failed,expired_card,operational,3,6,317,0,2026-01-09T15:07:00,False,ESCALATE_TO_HUMAN,False,0
TXN-00980,CUST-0158,500,INR,upi,failed,expired_card,operational,3,11,787,3,2026-01-23T06:43:00,False,STOP,False,0
TXN-00981,CUST-0084,7500,INR,credit_card,failed,expired_card,operational,0,12,1910,0,2026-01-26T17:47:00,False,ESCALATE_TO_HUMAN,False,0
TXN-00982,CUST-0326,500,INR,upi,failed,insufficient_funds,operational,2,16,1453,2,2026-01-23T05:42:00,False,ESCALATE_TO_HUMAN,False,0
TXN-00983,CUST-0018,15000,INR,credit_card,failed,invalid_payment_method,operational,5,7,497,3,2026-01-22T17:48:00,False,STOP,False,0
TXN-00984,CUST-0131,75000,INR,credit_card,failed,card_declined,operational,2,19,933,1,2026-01-07T16:57:00,False,ESCALATE_TO_HUMAN,False,0
TXN-00985,CUST-0499,2500,INR,debit_card,failed,expired_card,operational,5,12,815,2,2026-01-27T16:14:00,False,ESCALATE_TO_HUMAN,False,0
TXN-00986,CUST-0257,75000,INR,debit_card,failed,expired_card,operational,3,8,1417,0,2026-01-14T18:06:00,False,ESCALATE_TO_HUMAN,False,0
TXN-00987,CUST-0294,75000,INR,net_banking,failed,invalid_payment_method,operational,5,2,224,2,2026-01-29T22:52:00,False,ESCALATE_TO_HUMAN,False,0
TXN-00988,CUST-0004,15000,INR,debit_card,failed,card_declined,operational,5,12,1432,0,2026-01-15T00:31:00,False,ESCALATE_TO_HUMAN,False,0
TXN-00989,CUST-0148,150000,INR,credit_card,failed,insufficient_funds,operational,3,16,854,2,2026-01-30T18:54:00,False,ESCALATE_TO_HUMAN,False,0
TXN-00990,CUST-0486,15000,INR,debit_card,failed,gateway_timeout,operational,1,15,373,2,2026-01-23T20:59:00,True,RETRY_PAYMENT,True,15000
TXN-00991,CUST-0226,7500,INR,debit_card,failed,gateway_timeout,operational,1,8,1848,2,2026-01-19T14:30:00,True,RETRY_PAYMENT,True,7500
TXN-00992,CUST-0016,7500,INR,debit_card,failed,invalid_payment_method,operational,0,8,132,0,2026-01-16T13:43:00,False,ESCALATE_TO_HUMAN,False,0
TXN-00993,CUST-0341,7500,INR,net_banking,failed,insufficient_funds,operational,0,8,1540,0,2026-01-01T07:53:00,False,ESCALATE_TO_HUMAN,False,0
TXN-00994,CUST-0478,7500,INR,credit_card,failed,temporary_gateway_failure,operational,3,19,1066,2,2026-01-13T02:21:00,True,RETRY_PAYMENT,True,7500
TXN-00995,CUST-0482,15000,INR,net_banking,failed,expired_card,operational,2,10,1673,1,2026-01-11T21:42:00,False,ESCALATE_TO_HUMAN,False,0
